<?xml version="1.0"?>
<!DOCTYPE PROVINCES PUBLIC "-//JDIP//PROVINCES DTD//1.0//DEFAULT" "http://jdip.sourceforge.net/dtd/provinces.dtd">
<PROVINCES>
		<!-- name, abbreviation, and adjacency data for all provinces -->
		<!-- virtually identical to Judge format -->
		<!-- provinces -->
		<PROVINCE shortname="afg" fullname="Afghanistan">
			<ADJACENCY type="mv" refs="bkh khv teh ban krc" />
		</PROVINCE>
		<PROVINCE shortname="alb" fullname="Alberta">
			<ADJACENCY type="mv" refs="bco yuk nte sas neb" />
		</PROVINCE>
		<PROVINCE shortname="ama" fullname="Amazon">
			<ADJACENCY type="mv" refs="bra pra cld brc mit lim qto lpa" />
		</PROVINCE>
		<PROVINCE shortname="arm" fullname="Armenia">
			<ADJACENCY type="mv" refs="syr bag tbr bku ang" />
		</PROVINCE>
		<PROVINCE shortname="ash" fullname="Ashanti">
			<ADJACENCY type="mv" refs="cmn dnk mdo" />
		</PROVINCE>
		<PROVINCE shortname="asm" fullname="Assam">
			<ADJACENCY type="mv" refs="yun tib ben rng brm" />
		</PROVINCE>
		<PROVINCE shortname="bav" fullname="Bavaria">
			<UNIQUENAME name="mun" />
			<ADJACENCY type="mv" refs="ven stu ber sil vie" />
		</PROVINCE>
		<PROVINCE shortname="bco" fullname="British Columbia">
			<ADJACENCY type="mv" refs="yuk alb van ala" />
		</PROVINCE>
		<PROVINCE shortname="bkh" fullname="Bokhara">
			<ADJACENCY type="mv" refs="ksg krc afg khv orn ksl tsh kir" />
		</PROVINCE>
		<PROVINCE shortname="bra" fullname="Brasilia">
			<ADJACENCY type="mv" refs="oli coh lpa ama pra rec rdj" />
		</PROVINCE>
		<PROVINCE shortname="brc" fullname="Barcelone">
			<ADJACENCY type="mv" refs="cld clb bgt mit ama" />
		</PROVINCE>
		<PROVINCE shortname="brm" fullname="Burma">
			<ADJACENCY type="mv" refs="yun asm rng mly" />
		</PROVINCE>
		<PROVINCE shortname="bsw" fullname="Botswana">
			<ADJACENCY type="mv" refs="rho agl dml ctn trn moz" />
		</PROVINCE>
		<PROVINCE shortname="bud" fullname="Budapest">
			<ADJACENCY type="mv" refs="wlc gal vie ven cro" />
		</PROVINCE>
		<PROVINCE shortname="chc" fullname="Chicago">
			<ADJACENCY type="mv" refs="min ung neb kan okl nol ten ohi" />
		</PROVINCE>
		<PROVINCE shortname="chi" fullname="Chihuahua">
			<ADJACENCY type="mv" refs="coa aus nme son maz" />
		</PROVINCE>
		<PROVINCE shortname="chk" fullname="Chungking">
			<ADJACENCY type="mv" refs="yun wuh lch snk" />
		</PROVINCE>
		<PROVINCE shortname="cng" fullname="Congo">
			<ADJACENCY type="mv" refs="ken moz rho agl okn" />
		</PROVINCE>
		<PROVINCE shortname="coh" fullname="Cochabamba">
			<ADJACENCY type="mv" refs="lpa goy prg oli bra" />
		</PROVINCE>
		<PROVINCE shortname="dar" fullname="Dar Es Sallam">
			<ADJACENCY type="mv" refs="ken fzz asw sud aby gld" />
		</PROVINCE>
		<PROVINCE shortname="del" fullname="Delhi">
			<ADJACENCY type="mv" refs="kas raj mdh lck" />
		</PROVINCE>
		<PROVINCE shortname="det" fullname="Detroit">
			<ADJACENCY type="mv" refs="ont min ohi" />
		</PROVINCE>
		<PROVINCE shortname="elj" fullname="El Jouf">
			<ADJACENCY type="mv" refs="twr tir tgn mdo" />
		</PROVINCE>
		<PROVINCE shortname="eve" fullname="Evenki">
			<ADJACENCY type="mv" refs="yak irk kra oms" />
		</PROVINCE>
		<PROVINCE shortname="fzz" fullname="Fezz">
			<ADJACENCY type="mv" refs="asw cai tbq trp twr dar" />
		</PROVINCE>
		<PROVINCE shortname="gal" fullname="Galicia">
			<UNIQUENAME name="glc" />
			<ADJACENCY type="mv" refs="rum wlc bud vie sil war sev" />
		</PROVINCE>
		<PROVINCE shortname="gld" fullname="Gall Land">
			<ADJACENCY type="mv" refs="som ken dar aby" />
		</PROVINCE>
		<PROVINCE shortname="goy" fullname="Goyamas">
			<ADJACENCY type="mv" refs="uru oli prg coh lpa" />
		</PROVINCE>
		<PROVINCE shortname="img" fullname="Inner Mongolia">
			<UNIQUENAME name="nmg" />
			<ADJACENCY type="mv" refs="vla irk mon lch pek mac" />
		</PROVINCE>
		<PROVINCE shortname="irk" fullname="Irkutsk">
			<ADJACENCY type="mv" refs="yak eve kra mon img vla" />
		</PROVINCE>
		<PROVINCE shortname="kan" fullname="Kansas">
			<ADJACENCY type="mv" refs="neb nme okl chc" />
		</PROVINCE>
		<PROVINCE shortname="kas" fullname="Kashmir">
			<ADJACENCY type="mv" refs="ksg krc raj del tib" />
		</PROVINCE>
		<PROVINCE shortname="kir" fullname="Kirghiz">
			<ADJACENCY type="mv" refs="mon kra tsh lch snk ksg bkh" />
		</PROVINCE>
		<PROVINCE shortname="kra" fullname="Krasnoyarsk">
			<ADJACENCY type="mv" refs="irk eve oms orn ksl tsh kir mon" />
		</PROVINCE>
		<PROVINCE shortname="ksg" fullname="Kashgar">
			<ADJACENCY type="mv" refs="snk kir bkh krc kas tib" />
		</PROVINCE>
		<PROVINCE shortname="ksl" fullname="Kasala">
			<ADJACENCY type="mv" refs="tsh kra orn bkh" />
		</PROVINCE>
		<PROVINCE shortname="lch" fullname="Langchow">
			<ADJACENCY type="mv" refs="chk snk kir mon img pek wuh" />
		</PROVINCE>
		<PROVINCE shortname="lck" fullname="Lucknow">
			<ADJACENCY type="mv" refs="ben del mdh hyd" />
		</PROVINCE>
		<PROVINCE shortname="lpa" fullname="La Paz">
			<ADJACENCY type="mv" refs="ama goy coh bra ama qto" />
		</PROVINCE>
		<PROVINCE shortname="mdh" fullname="Mandlah">
			<ADJACENCY type="mv" refs="del raj guj bom hyd lck" />
		</PROVINCE>
		<PROVINCE shortname="mdo" fullname="Mandingoes">
			<ADJACENCY type="mv" refs="ash dnk ivc gcs mnv sie tir tgn elj" />
		</PROVINCE>
		<PROVINCE shortname="met" fullname="Metz">
			<UNIQUENAME name="bur" />
			<ADJACENCY type="mv" refs="stu ruh hol rou par mar" />
		</PROVINCE>
		<PROVINCE shortname="min" fullname="Minnesota">
			<ADJACENCY type="mv" refs="ont det chc sas ung" />
		</PROVINCE>
		<PROVINCE shortname="mit" fullname="Mitu">
			<ADJACENCY type="mv" refs="brc ama lim bgt" />
		</PROVINCE>
		<PROVINCE shortname="mly" fullname="Mandalay">
			<ADJACENCY type="mv" refs="yut tnk yun brm rng" />
		</PROVINCE>
		<PROVINCE shortname="mon" fullname="Mongolia">
			<ADJACENCY type="mv" refs="img lch kir kra irk" />
		</PROVINCE>
		<PROVINCE shortname="mos" fullname="Moscow">
			<ADJACENCY type="mv" refs="prm stp lvn war sev geo" />
		</PROVINCE>
		<PROVINCE shortname="neb" fullname="Nebraska">
			<ADJACENCY type="mv" refs="ung sas alb uta kan chc" />
		</PROVINCE>
		<PROVINCE shortname="nej" fullname="Nejaaz">
			<ADJACENCY type="mv" refs="bag syr mec ade hdr" />
		</PROVINCE>
		<PROVINCE shortname="nme" fullname="New Mexico">
			<UNIQUENAME name="nmx" />
			<ADJACENCY type="mv" refs="uta sfo son chi aus okl kan" />
		</PROVINCE>
		<PROVINCE shortname="nte" fullname="Northwest Territories">
			<ADJACENCY type="mv" refs="yuk alb sas rla" />
		</PROVINCE>
		<PROVINCE shortname="ohi" fullname="Ohio">
			<ADJACENCY type="mv" refs="det wdc ten chc" />
		</PROVINCE>
		<PROVINCE shortname="okl" fullname="Oklahoma">
			<ADJACENCY type="mv" refs="kan nme aus nol chc" />
		</PROVINCE>
		<PROVINCE shortname="oms" fullname="Omsk">
			<ADJACENCY type="mv" refs="eve kra orn geo prm" />
		</PROVINCE>
		<PROVINCE shortname="par" fullname="Paris">
			<ADJACENCY type="mv" refs="met rou nan brd mar" />
		</PROVINCE>
		<PROVINCE shortname="prg" fullname="Paraguay">
			<ADJACENCY type="mv" refs="goy oli coh" />
		</PROVINCE>
		<PROVINCE shortname="prm" fullname="Perm">
			<ADJACENCY type="mv" refs="oms geo mos stp" />
		</PROVINCE>
		<PROVINCE shortname="raj" fullname="Rajputana">
			<ADJACENCY type="mv" refs="kas krc guj mdh del" />
		</PROVINCE>
		<PROVINCE shortname="rho" fullname="Rhodesia">
			<ADJACENCY type="mv" refs="moz cng agl bsw" />
		</PROVINCE>
		<PROVINCE shortname="ruh" fullname="Ruhr">
			<ADJACENCY type="mv" refs="kie hol met stu" />
		</PROVINCE>
		<PROVINCE shortname="sas" fullname="Saskatchewan">
			<ADJACENCY type="mv" refs="nte alb neb ung min ont rla" />
		</PROVINCE>
		<PROVINCE shortname="ser" fullname="Serbia">
			<ADJACENCY type="mv" refs="rum wlc cro bos" />
		</PROVINCE>
		<PROVINCE shortname="sia" fullname="Siam">
			<ADJACENCY type="mv" refs="ann tnk yut bnk cmb" />
		</PROVINCE>
		<PROVINCE shortname="sil" fullname="Silesia">
			<ADJACENCY type="mv" refs="pru ber bav vie gal war" />
		</PROVINCE>
		<PROVINCE shortname="snk" fullname="Sinkiang">
			<ADJACENCY type="mv" refs="yun tib ksg kir lch chk" />
		</PROVINCE>
		<PROVINCE shortname="stu" fullname="Stuttgart">
			<ADJACENCY type="mv" refs="kie ruh met bav ber" />
		</PROVINCE>
		<PROVINCE shortname="ten" fullname="Tennessee">
			<ADJACENCY type="mv" refs="ohi chc nol atl ric wdc" />
		</PROVINCE>
		<PROVINCE shortname="tgn" fullname="Taganet">
			<ADJACENCY type="mv" refs="elj mdo tir" />
		</PROVINCE>
		<PROVINCE shortname="tib" fullname="Tibet">
			<ADJACENCY type="mv" refs="kas ksg snk yun asm ben" />
		</PROVINCE>
		<PROVINCE shortname="tsh" fullname="Tashkent">
			<ADJACENCY type="mv" refs="kir bkh ksl kra" />
		</PROVINCE>
		<PROVINCE shortname="twr" fullname="Tawarek">
			<ADJACENCY type="mv" refs="fzz trp alg mrc tir elj" />
		</PROVINCE>
		<PROVINCE shortname="ung" fullname="Unorganized Territories">
			<ADJACENCY type="mv" refs="sas neb chc min" />
		</PROVINCE>
		<PROVINCE shortname="uta" fullname="Utah">
			<ADJACENCY type="mv" refs="sea ore sfo nme neb" />
		</PROVINCE>
		<PROVINCE shortname="vie" fullname="Vienna">
			<ADJACENCY type="mv" refs="sil bav ven bud gal" />
		</PROVINCE>
		<PROVINCE shortname="war" fullname="Warsaw">
			<ADJACENCY type="mv" refs="mos lvn pru sil gal sev" />
		</PROVINCE>
		<PROVINCE shortname="wlc" fullname="Wallacia">
			<ADJACENCY type="mv" refs="rum ser cro bud gal" />
		</PROVINCE>
		<PROVINCE shortname="wuh" fullname="Wuhan">
			<ADJACENCY type="mv" refs="can yun chk lch pek sha fuc" />
		</PROVINCE>
		<PROVINCE shortname="yak" fullname="Yakutsk">
			<ADJACENCY type="mv" refs="kam vla irk eve" />
		</PROVINCE>
		<PROVINCE shortname="yuk" fullname="Yukon">
			<ADJACENCY type="mv" refs="ala bco alb nte" />
		</PROVINCE>
		<PROVINCE shortname="yun" fullname="Yunnan">
			<ADJACENCY type="mv" refs="tnk can wuh chk snk tib asm brm mly" />
		</PROVINCE>
		<PROVINCE shortname="yut" fullname="Yuthia">
			<ADJACENCY type="mv" refs="sia tnk mly rng bnk" />
		</PROVINCE>
		<!-- coastal provinces -->
		<PROVINCE shortname="aby" fullname="Abyssinia">
			<ADJACENCY type="mv" refs="som sud dar gld" />
			<ADJACENCY type="xc" refs="som sud rse" />
		</PROVINCE>
		<PROVINCE shortname="ade" fullname="Aden">
			<ADJACENCY type="mv" refs="hdr mec nej" />
			<ADJACENCY type="xc" refs="hdr-sc mec hoa rse" />
		</PROVINCE>
		<PROVINCE shortname="agl" fullname="Angola">
			<ADJACENCY type="mv" refs="okn dml bsw rho cng" />
			<ADJACENCY type="xc" refs="okn dml sat" />
		</PROVINCE>
		<PROVINCE shortname="ala" fullname="Alaska">
			<UNIQUENAME name="als" />
			<UNIQUENAME name="alk" />
			<ADJACENCY type="mv" refs="yuk bco van anc" />
			<ADJACENCY type="nc" refs="anc bse" />
			<ADJACENCY type="sc" refs="anc van goa" />
		</PROVINCE>
		<PROVINCE shortname="alg" fullname="Algeria">
			<ADJACENCY type="mv" refs="tun mrc twr trp" />
			<ADJACENCY type="xc" refs="tun mrc wes" />
		</PROVINCE>
		<PROVINCE shortname="anc" fullname="Anchorage">
			<ADJACENCY type="mv" refs="ala" />
			<ADJACENCY type="xc" refs="ala-nc ala-sc bse npa goa" />
		</PROVINCE>
		<PROVINCE shortname="ang" fullname="Angora">
			<UNIQUENAME name="ank" />
			<ADJACENCY type="mv" refs="arm bku con cyp syr" />
			<ADJACENCY type="nc" refs="bku-wc bla con" />
			<ADJACENCY type="sc" refs="syr-wc cyp eas con" />
		</PROVINCE>
		<PROVINCE shortname="ann" fullname="Annam">
			<ADJACENCY type="mv" refs="tnk sia cmb cch" />
			<ADJACENCY type="xc" refs="tnk cch scs" />
		</PROVINCE>
		<PROVINCE shortname="asw" fullname="Aswan">
			<ADJACENCY type="mv" refs="sud cai fzz dar" />
			<ADJACENCY type="xc" refs="sud cai-ec rse" />
		</PROVINCE>
		<PROVINCE shortname="atl" fullname="Atlanta">
			<ADJACENCY type="mv" refs="ric bah nol ten" />
			<ADJACENCY type="xc" refs="ric bah nol ese tam" />
		</PROVINCE>
		<PROVINCE shortname="aus" fullname="Austin">
			<ADJACENCY type="mv" refs="nol coa chi nme okl" />
			<ADJACENCY type="xc" refs="nol coa gom" />
		</PROVINCE>
		<PROVINCE shortname="bag" fullname="Baghdad">
			<ADJACENCY type="mv" refs="ban hdr nej syr arm tbr" />
			<ADJACENCY type="xc" refs="ban hdr-nc pgu" />
		</PROVINCE>
		<PROVINCE shortname="ban" fullname="Bangalore">
			<ADJACENCY type="mv" refs="krc bag tbr teh afg" />
			<ADJACENCY type="xc" refs="krc bag pgu" />
		</PROVINCE>
		<PROVINCE shortname="ben" fullname="Bengal">
			<ADJACENCY type="mv" refs="rng hyd lck tib asm" />
			<ADJACENCY type="xc" refs="rng hyd bbe" />
		</PROVINCE>
		<PROVINCE shortname="ber" fullname="Berlin">
			<ADJACENCY type="mv" refs="pru bal kie stu bav sil" />
			<ADJACENCY type="xc" refs="pru kie-ec bal" />
		</PROVINCE>
		<PROVINCE shortname="bgt" fullname="Bogota">
			<ADJACENCY type="mv" refs="lim mit brc clb pan" />
			<ADJACENCY type="nc" refs="clb pan-nc eca wca" />
			<ADJACENCY type="sc" refs="lim pan-sc gop" />
		</PROVINCE>
		<PROVINCE shortname="bku" fullname="Baku">
			<ADJACENCY type="mv" refs="geo bla ang arm tbr" />
			<ADJACENCY type="ec" refs="geo-ec tbr cas" />
			<ADJACENCY type="wc" refs="geo-wc ang-nc bla" />
		</PROVINCE>
		<PROVINCE shortname="bnk" fullname="Bangkok">
			<ADJACENCY type="mv" refs="rng yut sia cmb mal" />
			<ADJACENCY type="ec" refs="cmb mal gos" />
			<ADJACENCY type="wc" refs="rng mal ase" />
		</PROVINCE>
		<PROVINCE shortname="bom" fullname="Bombay">
			<ADJACENCY type="mv" refs="mds guj mdh hyd" />
			<ADJACENCY type="xc" refs="mds guj ara" />
		</PROVINCE>
		<PROVINCE shortname="bos" fullname="Bosnia">
			<ADJACENCY type="mv" refs="sof gre cro ser rum" />
			<ADJACENCY type="ec" refs="gre sof-sc aeg" />
			<ADJACENCY type="wc" refs="cro gre adr" />
		</PROVINCE>
		<PROVINCE shortname="brd" fullname="Bordeaux">
			<UNIQUENAME name="gas" />
			<ADJACENCY type="mv" refs="nan tld vlc mar par" />
			<ADJACENCY type="xc" refs="nan tld bob" />
		</PROVINCE>
		<PROVINCE shortname="brn" fullname="Borneo">
			<ADJACENCY type="mv" refs="srw" />
			<ADJACENCY type="xc" refs="srw jse cls" />
		</PROVINCE>
		<PROVINCE shortname="cai" fullname="Cairo">
			<ADJACENCY type="mv" refs="syr tbq fzz asw" />
			<ADJACENCY type="ec" refs="syr-sc asw rse" />
			<ADJACENCY type="nc" refs="syr-wc tbq eas" />
		</PROVINCE>
		<PROVINCE shortname="can" fullname="Canton">
			<ADJACENCY type="mv" refs="hko fuc wuh yun tnk" />
			<ADJACENCY type="xc" refs="hko tnk scs" />
		</PROVINCE>
		<PROVINCE shortname="cch" fullname="Cochin">
			<ADJACENCY type="mv" refs="cmb ann" />
			<ADJACENCY type="xc" refs="cmb ann gos scs" />
		</PROVINCE>
		<PROVINCE shortname="cel" fullname="Celebes">
			<ADJACENCY type="mv" refs="cel" />
			<ADJACENCY type="xc" refs="tim jse cls" />
		</PROVINCE>
		<PROVINCE shortname="cey" fullname="Ceylon">
			<ADJACENCY type="mv" refs="cey" />
			<ADJACENCY type="mv" refs="gum ein" />
		</PROVINCE>
		<PROVINCE shortname="clb" fullname="Calabozo">
			<ADJACENCY type="mv" refs="cld brc bgt" />
			<ADJACENCY type="xc" refs="cld bgt-nc eca" />
		</PROVINCE>
		<PROVINCE shortname="cld" fullname="Caledonia">
			<ADJACENCY type="mv" refs="pmb clb brc ama pra" />
			<ADJACENCY type="xc" refs="pmb clb eca" />
		</PROVINCE>
		<PROVINCE shortname="cmb" fullname="Cambodia">
			<ADJACENCY type="mv" refs="cch ann sia bnk" />
			<ADJACENCY type="xc" refs="cch bnk-ec gos" />
		</PROVINCE>
		<PROVINCE shortname="cmn" fullname="Cameroon">
			<ADJACENCY type="mv" refs="okn dnk ash" />
			<ADJACENCY type="xc" refs="okn dnk gog" />
		</PROVINCE>
		<PROVINCE shortname="coa" fullname="Coahula">
			<ADJACENCY type="mv" refs="aus mex maz chi" />
			<ADJACENCY type="xc" refs="aus mex gom" />
		</PROVINCE>
		<PROVINCE shortname="con" fullname="Constantinople">
			<ADJACENCY type="mv" refs="ang sof" />
			<ADJACENCY type="xc" refs="ang-nc ang-sc sof-sc sof-ec bla eas aeg " />
		</PROVINCE>
		<PROVINCE shortname="cro" fullname="Croatia">
			<UNIQUENAME name="tri" />
			<ADJACENCY type="mv" refs="bos ven bud wlc ser" />
			<ADJACENCY type="xc" refs="bos-wc ven adr" />
		</PROVINCE>
		<PROVINCE shortname="ctn" fullname="Cape Town">
			<ADJACENCY type="mv" refs="trn bsw dml" />
			<ADJACENCY type="xc" refs="trn dml goo sat" />
		</PROVINCE>
		<PROVINCE shortname="cub" fullname="Cuba">
			<ADJACENCY type="mv" refs="hai bah" />
			<ADJACENCY type="xc" refs="hai bah tam gom wca sar" />
		</PROVINCE>
		<PROVINCE shortname="cyn" fullname="Cayenne">
			<ADJACENCY type="mv" refs="pra pmb" />
			<ADJACENCY type="xc" refs="pra pmb net" />
		</PROVINCE>
		<PROVINCE shortname="den" fullname="Denmark">
			<ADJACENCY type="mv" refs="kie nwy swe" />
			<ADJACENCY type="xc" refs="kie-wc kie-ec nwy swe hel nth ska bal" />
		</PROVINCE>
		<PROVINCE shortname="dml" fullname="Damaraland">
			<ADJACENCY type="mv" refs="agl ctn bsw" />
			<ADJACENCY type="xc" refs="agl ctn sat" />
		</PROVINCE>
		<PROVINCE shortname="dnk" fullname="Denkyera">
			<ADJACENCY type="mv" refs="cmn ivc mdo ash" />
			<ADJACENCY type="xc" refs="cmn ivc gog" />
		</PROVINCE>
		<PROVINCE shortname="dub" fullname="Dublin">
			<UNIQUENAME name="ire" />
			<UNIQUENAME name="irl" />
			<ADJACENCY type="mv" refs="edi" />
			<ADJACENCY type="xc" refs="edi nps nat" />
		</PROVINCE>
		<PROVINCE shortname="edi" fullname="Edinburgh">
			<ADJACENCY type="mv" refs="dub lon" />
			<ADJACENCY type="xc" refs="dub lon nwg nps nth" />
		</PROVINCE>
		<PROVINCE shortname="edo" fullname="Edo">
			<ADJACENCY type="mv" refs="sap kag" />
			<ADJACENCY type="xc" refs="kur izu soj" />
		</PROVINCE>
		<PROVINCE shortname="fin" fullname="Finland">
			<ADJACENCY type="mv" refs="stp nwy swe" />
			<ADJACENCY type="nc" refs="stp-nc nwy bar" />
			<ADJACENCY type="sc" refs="stp-sc swe bot" />
		</PROVINCE>
		<PROVINCE shortname="for" fullname="Formosa">
			<ADJACENCY type="mv" refs="for" />
			<ADJACENCY type="xc" refs="ecs scs phi" />
		</PROVINCE>
		<PROVINCE shortname="fsn" fullname="Fusan">
			<ADJACENCY type="mv" refs="seo" />
			<ADJACENCY type="xc" refs="seo-wc seo-ec soj yse" />
		</PROVINCE>
		<PROVINCE shortname="fuc" fullname="Fuchan">
			<ADJACENCY type="mv" refs="sha hko can wuh" />
			<ADJACENCY type="xc" refs="sha hko ecs" />
		</PROVINCE>
		<PROVINCE shortname="gcs" fullname="Grain Coast">
			<ADJACENCY type="mv" refs="ivc mnv mdo" />
			<ADJACENCY type="xc" refs="ivc mnv gog mat" />
		</PROVINCE>
		<PROVINCE shortname="geo" fullname="Georgia">
			<ADJACENCY type="mv" refs="bku sev mos prm oms orn" />
			<ADJACENCY type="ec" refs="bku-ec orn cas" />
			<ADJACENCY type="wc" refs="bku-wc sev bla" />
		</PROVINCE>
		<PROVINCE shortname="gib" fullname="Gibraltar">
			<ADJACENCY type="mv" refs="mrc vlc tld" />
			<ADJACENCY type="xc" refs="mrc vlc tld sog" />
		</PROVINCE>
		<PROVINCE shortname="gre" fullname="Greece">
			<ADJACENCY type="mv" refs="bos" />
			<ADJACENCY type="xc" refs="bos-ec bos-wc aeg adr ion" />
		</PROVINCE>
		<PROVINCE shortname="grn" fullname="Greenland">
			<ADJACENCY type="mv" refs="grn" />
			<ADJACENCY type="xc" refs="hud nps bar" />
		</PROVINCE>
		<PROVINCE shortname="gtm" fullname="Guatemala">
			<ADJACENCY type="mv" refs="mer oax hon" />
			<ADJACENCY type="ec" refs="mer hon-ec wca" />
			<ADJACENCY type="wc" refs="oax hon-wc goc" />
		</PROVINCE>
		<PROVINCE shortname="guj" fullname="Gujarat">
			<ADJACENCY type="mv" refs="krc bom mdh raj" />
			<ADJACENCY type="xc" refs="krc bom ara" />
		</PROVINCE>
		<PROVINCE shortname="hai" fullname="Haiti">
			<ADJACENCY type="mv" refs="cub vis" />
			<ADJACENCY type="xc" refs="cub vis sar wca eca" />
		</PROVINCE>
		<PROVINCE shortname="hdr" fullname="Hadramaut">
			<ADJACENCY type="mv" refs="bag nej ade oma" />
			<ADJACENCY type="nc" refs="bag oma pgu" />
			<ADJACENCY type="sc" refs="oma ade ara hoa" />
		</PROVINCE>
		<PROVINCE shortname="hko" fullname="Hong Kong">
			<ADJACENCY type="mv" refs="can fuc" />
			<ADJACENCY type="xc" refs="can fuc scs ecs" />
		</PROVINCE>
		<PROVINCE shortname="hol" fullname="Holland">
			<UNIQUENAME name="bel" />
			<ADJACENCY type="mv" refs="kie rou met ruh" />
			<ADJACENCY type="xc" refs="kie-wc rou hel nth" />
		</PROVINCE>
		<PROVINCE shortname="hon" fullname="Honduras">
			<ADJACENCY type="mv" refs="pan gtm" />
			<ADJACENCY type="ec" refs="gtm-ec pan-nc wca" />
			<ADJACENCY type="wc" refs="gtm-wc pan-sc goc gop" />
		</PROVINCE>
		<PROVINCE shortname="hyd" fullname="Hyderabad">
			<ADJACENCY type="mv" refs="mds ben lck mdh bom" />
			<ADJACENCY type="xc" refs="mds ben gum bbe" />
		</PROVINCE>
		<PROVINCE shortname="ice" fullname="Iceland">
			<ADJACENCY type="mv" refs="ice" />
			<ADJACENCY type="xc" refs="bar nps nwg" />
		</PROVINCE>
		<PROVINCE shortname="ija" fullname="Irian Jaya">
			<ADJACENCY type="mv" refs="ngu" />
			<ADJACENCY type="xc" refs="ngu bis cls tim" />
		</PROVINCE>
		<PROVINCE shortname="ivc" fullname="Ivory Coast">
			<ADJACENCY type="mv" refs="dnk gcs mdo" />
			<ADJACENCY type="xc" refs="dnk gcs mdo gog" />
		</PROVINCE>
		<PROVINCE shortname="jav" fullname="Java">
			<ADJACENCY type="mv" refs="jav" />
			<ADJACENCY type="xc" refs="jse set tim" />
		</PROVINCE>
		<PROVINCE shortname="kag" fullname="Kagoshima">
			<ADJACENCY type="mv" refs="edo" />
			<ADJACENCY type="xc" refs="edo soj yse izu" />
		</PROVINCE>
		<PROVINCE shortname="kam" fullname="Kamchatka">
			<ADJACENCY type="mv" refs="yak vla" />
			<ADJACENCY type="xc" refs="vla bse kur okh" />
		</PROVINCE>
		<PROVINCE shortname="ken" fullname="Kenya">
			<ADJACENCY type="mv" refs="cng moz som gld dar" />
			<ADJACENCY type="xc" refs="moz som hoa mch" />
		</PROVINCE>
		<PROVINCE shortname="khv" fullname="Khiva">
			<ADJACENCY type="mv" refs="orn teh afg bkh" />
			<ADJACENCY type="xc" refs="orn teh cas" />
		</PROVINCE>
		<PROVINCE shortname="kie" fullname="Kiel">
			<ADJACENCY type="mv" refs="den hol ruh stu ber" />
			<ADJACENCY type="ec" refs="den ber bal" />
			<ADJACENCY type="wc" refs="den hol hel" />
		</PROVINCE>
		<PROVINCE shortname="krc" fullname="Karachi">
			<ADJACENCY type="mv" refs="ban guj raj kas ksg bkh afg" />
			<ADJACENCY type="xc" refs="ban guj pgu ara" />
		</PROVINCE>
		<PROVINCE shortname="lim" fullname="Lima">
			<ADJACENCY type="mv" refs="bgt mit ama qto" />
			<ADJACENCY type="xc" refs="bgt-sc qto pba gop" />
		</PROVINCE>
		<PROVINCE shortname="lon" fullname="London">
			<ADJACENCY type="mv" refs="edi" />
			<ADJACENCY type="xc" refs="edi nat nps nth" />
		</PROVINCE>
		<PROVINCE shortname="lvn" fullname="Livonia">
			<UNIQUENAME name="liv" />
			<ADJACENCY type="mv" refs="stp pru war mos" />
			<ADJACENCY type="xc" refs="stp-sc pru bot bal" />
		</PROVINCE>
		<PROVINCE shortname="mac" fullname="Manchuria">
			<ADJACENCY type="mv" refs="poa pek img vla seo" />
			<ADJACENCY type="xc" refs="poa pek yse" />
		</PROVINCE>
		<PROVINCE shortname="mad" fullname="Madagascar">
			<ADJACENCY type="mv" refs="mad" />
			<ADJACENCY type="xc" refs="mch win goo" />
		</PROVINCE>
		<PROVINCE shortname="mal" fullname="Malaysia">
			<ADJACENCY type="mv" refs="bnk sin" />
			<ADJACENCY type="xc" refs="bnk-ec bnk-wc sin gos ase jse" />
		</PROVINCE>
		<PROVINCE shortname="mar" fullname="Marseilles">
			<ADJACENCY type="mv" refs="pie vlc brd par met" />
			<ADJACENCY type="xc" refs="pie vlc lyo" />
		</PROVINCE>
		<PROVINCE shortname="maz" fullname="Mazatlan">
			<ADJACENCY type="mv" refs="oax son chi coa mex" />
			<ADJACENCY type="xc" refs="oax son goc" />
		</PROVINCE>
		<PROVINCE shortname="mds" fullname="Madras">
			<ADJACENCY type="mv" refs="bom hyd" />
			<ADJACENCY type="xc" refs="bom hyd gum ara" />
		</PROVINCE>
		<PROVINCE shortname="mec" fullname="Mecca">
			<ADJACENCY type="mv" refs="syr ade nej" />
			<ADJACENCY type="xc" refs="syr-sc ade rse" />
		</PROVINCE>
		<PROVINCE shortname="mer" fullname="Merida">
			<ADJACENCY type="mv" refs="mex gtm oax" />
			<ADJACENCY type="xc" refs="mex gtm-ec gom wca" />
		</PROVINCE>
		<PROVINCE shortname="mex" fullname="Mexico City">
			<ADJACENCY type="mv" refs="coa mer oax maz" />
			<ADJACENCY type="xc" refs="coa mer gom" />
		</PROVINCE>
		<PROVINCE shortname="mnv" fullname="Monrovia">
			<ADJACENCY type="mv" refs="gcs sie mdo" />
			<ADJACENCY type="xc" refs="gcs sie mat" />
		</PROVINCE>
		<PROVINCE shortname="moz" fullname="Mozambique">
			<ADJACENCY type="mv" refs="trn ken cng rho bsw" />
			<ADJACENCY type="xc" refs="trn ken mch" />
		</PROVINCE>
		<PROVINCE shortname="mrc" fullname="Morocco">
			<UNIQUENAME name="naf" />
			<ADJACENCY type="mv" refs="tir gib alg twr" />
			<ADJACENCY type="xc" refs="tir gib alg cny sog wes" />
		</PROVINCE>
		<PROVINCE shortname="nan" fullname="Nantes">
			<UNIQUENAME name="bre" />
			<ADJACENCY type="mv" refs="rou brd par" />
			<ADJACENCY type="xc" refs="rou brd nth nat bob" />
		</PROVINCE>
		<PROVINCE shortname="ngu" fullname="New Guinea">
			<ADJACENCY type="mv" refs="ija" />
			<ADJACENCY type="xc" refs="ija bis tim cor" />
		</PROVINCE>
		<PROVINCE shortname="nol" fullname="New Orleans">
			<ADJACENCY type="mv" refs="aus atl ten chc okl" />
			<ADJACENCY type="xc" refs="aus atl gom tam" />
		</PROVINCE>
		<PROVINCE shortname="nsc" fullname="Nova Scotia">
			<ADJACENCY type="mv" refs="que" />
			<ADJACENCY type="xc" refs="que hud che nat" />
		</PROVINCE>
		<PROVINCE shortname="nsw" fullname="New South Wales">
			<ADJACENCY type="mv" refs="sau qnl" />
			<ADJACENCY type="xc" refs="sau qnl brr tas" />
		</PROVINCE>
		<PROVINCE shortname="ntr" fullname="Northern Territories">
			<ADJACENCY type="mv" refs="per qnl sau" />
			<ADJACENCY type="xc" refs="per qnl sau tim" />
		</PROVINCE>
		<PROVINCE shortname="nwy" fullname="Norway">
			<UNIQUENAME name="nor" />
			<ADJACENCY type="mv" refs="fin swe den" />
			<ADJACENCY type="xc" refs="fin-nc swe den ska nth nwg bar" />
		</PROVINCE>
		<PROVINCE shortname="nyc" fullname="New York">
			<UNIQUENAME name="nyo" />
			<ADJACENCY type="mv" refs="que wdc ont" />
			<ADJACENCY type="xc" refs="que wdc che" />
		</PROVINCE>
		<PROVINCE shortname="oax" fullname="Oaxaca">
			<ADJACENCY type="mv" refs="gtm maz mex mer" />
			<ADJACENCY type="xc" refs="gtm-wc maz goc" />
		</PROVINCE>
		<PROVINCE shortname="okn" fullname="Okrana">
			<ADJACENCY type="mv" refs="agl cmn cng" />
			<ADJACENCY type="xc" refs="agl cmn sat gog" />
		</PROVINCE>
		<PROVINCE shortname="oli" fullname="Oliveira">
			<ADJACENCY type="mv" refs="uru rdj bra coh prg goy" />
			<ADJACENCY type="xc" refs="uru rdj cag" />
		</PROVINCE>
		<PROVINCE shortname="oma" fullname="Oman">
			<ADJACENCY type="mv" refs="hdr" />
			<ADJACENCY type="xc" refs="hdr-nc hdr-sc ara pgu" />
		</PROVINCE>
		<PROVINCE shortname="ont" fullname="Ontario">
			<ADJACENCY type="mv" refs="rla que nyc det min sas" />
			<ADJACENCY type="xc" refs="rla que hud" />
		</PROVINCE>
		<PROVINCE shortname="ore" fullname="Oregon">
			<ADJACENCY type="mv" refs="sea sfo uta" />
			<ADJACENCY type="xc" refs="sea sfo wba" />
		</PROVINCE>
		<PROVINCE shortname="orn" fullname="Orenburg">
			<ADJACENCY type="mv" refs="khv geo oms kra ksl bkh" />
			<ADJACENCY type="xc" refs="khv geo-ec cas" />
		</PROVINCE>
		<PROVINCE shortname="pan" fullname="Panama">
			<ADJACENCY type="mv" refs="bgt hon" />
			<ADJACENCY type="nc" refs="bgt-nc hon-ec wca" />
			<ADJACENCY type="sc" refs="bgt-sc hon-wc gop" />
		</PROVINCE>
		<PROVINCE shortname="pek" fullname="Peking">
			<ADJACENCY type="mv" refs="mac sha wuh lch img" />
			<ADJACENCY type="xc" refs="mac sha yse" />
		</PROVINCE>
		<PROVINCE shortname="per" fullname="Perth">
			<ADJACENCY type="mv" refs="ntr sau" />
			<ADJACENCY type="xc" refs="ntr sau tim set brr" />
		</PROVINCE>
		<PROVINCE shortname="pie" fullname="Piedmont">
			<ADJACENCY type="mv" refs="rom mar ven" />
			<ADJACENCY type="xc" refs="rom-wc mar lyo" />
		</PROVINCE>
		<PROVINCE shortname="pmb" fullname="Paramaribo">
			<ADJACENCY type="mv" refs="cyn cld pra" />
			<ADJACENCY type="xc" refs="cyn cld net eca" />
		</PROVINCE>
		<PROVINCE shortname="poa" fullname="Port Arthur">
			<ADJACENCY type="mv" refs="seo mac" />
			<ADJACENCY type="xc" refs="seo-wc mac yse" />
		</PROVINCE>
		<PROVINCE shortname="pra" fullname="Pramaiba">
			<ADJACENCY type="mv" refs="cyn pmb cld ama bra rec" />
			<ADJACENCY type="xc" refs="cyn rec net" />
		</PROVINCE>
		<PROVINCE shortname="pru" fullname="Prussia">
			<ADJACENCY type="mv" refs="lvn ber sil war" />
			<ADJACENCY type="xc" refs="lvn ber bal" />
		</PROVINCE>
		<PROVINCE shortname="qnl" fullname="Queensland">
			<ADJACENCY type="mv" refs="nsw ntr sau" />
			<ADJACENCY type="xc" refs="nsw ntr tas cor tim" />
		</PROVINCE>
		<PROVINCE shortname="qto" fullname="Quito">
			<ADJACENCY type="mv" refs="lim lpa ama" />
			<ADJACENCY type="xc" refs="lim pba cba" />
		</PROVINCE>
		<PROVINCE shortname="que" fullname="Quebec">
			<ADJACENCY type="mv" refs="nyc nsc ont" />
			<ADJACENCY type="xc" refs="nyc nsc ont che hud" />
		</PROVINCE>
		<PROVINCE shortname="rdj" fullname="Rio de Janeiro">
			<ADJACENCY type="mv" refs="oli rec bra" />
			<ADJACENCY type="xc" refs="oli rec cag bcu" />
		</PROVINCE>
		<PROVINCE shortname="rec" fullname="Recife">
			<ADJACENCY type="mv" refs="rdj pra bra" />
			<ADJACENCY type="xc" refs="rdj pra bcu mat net" />
		</PROVINCE>
		<PROVINCE shortname="ric" fullname="Richmond">
			<ADJACENCY type="mv" refs="wdc atl ten" />
			<ADJACENCY type="xc" refs="wdc atl che ese" />
		</PROVINCE>
		<PROVINCE shortname="rla" fullname="Ruperts Land">
			<ADJACENCY type="mv" refs="nte sas ont" />
			<ADJACENCY type="xc" refs="nte sas ont hud" />
		</PROVINCE>
		<PROVINCE shortname="rng" fullname="Rangoon">
			<ADJACENCY type="mv" refs="bnk ben asm brm mly yut" />
			<ADJACENCY type="xc" refs="bnk-wc ben ase bbe" />
		</PROVINCE>
		<PROVINCE shortname="rom" fullname="Rome">
			<ADJACENCY type="mv" refs="ven sal pie" />
			<ADJACENCY type="ec" refs="ven sal adr" />
			<ADJACENCY type="wc" refs="pie sal lyo tys" />
		</PROVINCE>
		<PROVINCE shortname="rou" fullname="Rouen">
			<UNIQUENAME name="pic" />
			<ADJACENCY type="mv" refs="hol nan par met" />
			<ADJACENCY type="xc" refs="hol nan nth" />
		</PROVINCE>
		<PROVINCE shortname="rum" fullname="Rumania">
			<ADJACENCY type="mv" refs="sev sof bos ser wlc gal" />
			<ADJACENCY type="xc" refs="sev sof-ec bla" />
		</PROVINCE>
		<PROVINCE shortname="sak" fullname="Sakhurlin">
			<ADJACENCY type="mv" refs="vla" />
			<ADJACENCY type="xc" refs="vla okh soj" />
		</PROVINCE>
		<PROVINCE shortname="sal" fullname="Salerno">
			<UNIQUENAME name="nap" />
			<ADJACENCY type="mv" refs="sic rom" />
			<ADJACENCY type="xc" refs="sic rom-ec rom-wc adr tys" />
		</PROVINCE>
		<PROVINCE shortname="sap" fullname="Sapporo">
			<ADJACENCY type="mv" refs="edo" />
			<ADJACENCY type="xc" refs="edo kur soj okh" />
		</PROVINCE>
		<PROVINCE shortname="sau" fullname="South Australia">
			<ADJACENCY type="mv" refs="per nsw qnl ntr" />
			<ADJACENCY type="xc" refs="per nsw qnl ntr brr" />
		</PROVINCE>
		<PROVINCE shortname="sea" fullname="Seattle">
			<UNIQUENAME name="was" />
			<ADJACENCY type="mv" refs="van vic ore uta" />
			<ADJACENCY type="xc" refs="van ore vic wba" />
		</PROVINCE>
		<PROVINCE shortname="seo" fullname="Seoul">
			<ADJACENCY type="mv" refs="poa fsn vla mac" />
			<ADJACENCY type="ec" refs="vla fsn soj" />
			<ADJACENCY type="wc" refs="poa fsn yse" />
		</PROVINCE>
		<PROVINCE shortname="sev" fullname="Sevastopol">
			<ADJACENCY type="mv" refs="geo rum gal war mos" />
			<ADJACENCY type="xc" refs="geo-wc rum bla" />
		</PROVINCE>
		<PROVINCE shortname="sfo" fullname="San Francisco">
			<UNIQUENAME name="sfr" />
			<ADJACENCY type="mv" refs="ore son nme uta" />
			<ADJACENCY type="xc" refs="ore son wba wco" />
		</PROVINCE>
		<PROVINCE shortname="sha" fullname="Shanghai">
			<ADJACENCY type="mv" refs="fuc pek wuh" />
			<ADJACENCY type="xc" refs="fuc pek yse ecs" />
		</PROVINCE>
		<PROVINCE shortname="sic" fullname="Sicily">
			<ADJACENCY type="mv" refs="sal" />
			<ADJACENCY type="xc" refs="sal tys ion adr" />
		</PROVINCE>
		<PROVINCE shortname="sie" fullname="Sierra Leone">
			<ADJACENCY type="mv" refs="mnv tir mdo" />
			<ADJACENCY type="xc" refs="mnv tir mat" />
		</PROVINCE>
		<PROVINCE shortname="sin" fullname="Singapore">
			<ADJACENCY type="mv" refs="mal" />
			<ADJACENCY type="xc" refs="mal jse" />
		</PROVINCE>
		<PROVINCE shortname="sof" fullname="Sofia">
			<UNIQUENAME name="bul" />
			<ADJACENCY type="mv" refs="con bos rum" />
			<ADJACENCY type="ec" refs="con rum bla" />
			<ADJACENCY type="sc" refs="bos-ec con aeg" />
		</PROVINCE>
		<PROVINCE shortname="som" fullname="Somalia">
			<ADJACENCY type="mv" refs="ken aby gld" />
			<ADJACENCY type="xc" refs="ken aby hoa rse" />
		</PROVINCE>
		<PROVINCE shortname="son" fullname="Sonora">
			<ADJACENCY type="mv" refs="sfo maz chi nme" />
			<ADJACENCY type="xc" refs="sfo maz wco goc" />
		</PROVINCE>
		<PROVINCE shortname="srw" fullname="Sarawak">
			<ADJACENCY type="mv" refs="brn" />
			<ADJACENCY type="xc" refs="brn jse sun cls" />
		</PROVINCE>
		<PROVINCE shortname="stp" fullname="St Petersburg">
			<UNIQUENAME name="St. Petersburg" />
			<ADJACENCY type="mv" refs="prm mos lvn fin" />
			<ADJACENCY type="nc" refs="fin-nc bar" />
			<ADJACENCY type="sc" refs="lvn fin-sc bot" />
		</PROVINCE>
		<PROVINCE shortname="sud" fullname="Sudan">
			<ADJACENCY type="mv" refs="aby asw dar" />
			<ADJACENCY type="xc" refs="aby asw rse" />
		</PROVINCE>
		<PROVINCE shortname="sum" fullname="Sumatra">
			<ADJACENCY type="mv" refs="sum" />
			<ADJACENCY type="xc" refs="jse ase ein set" />
		</PROVINCE>
		<PROVINCE shortname="swe" fullname="Sweden">
			<ADJACENCY type="mv" refs="den nwy fin" />
			<ADJACENCY type="xc" refs="den nwy fin-sc ska bot bal" />
		</PROVINCE>
		<PROVINCE shortname="syr" fullname="Syria">
			<ADJACENCY type="mv" refs="cai cyp ang arm bag nej mec" />
			<ADJACENCY type="sc" refs="cai-ec mec rse" />
			<ADJACENCY type="wc" refs="cai-nc cyp ang-sc eas" />
		</PROVINCE>
		<PROVINCE shortname="tbq" fullname="Tubruq">
			<ADJACENCY type="mv" refs="cai trp fzz" />
			<ADJACENCY type="xc" refs="cai-nc trp eas ion" />
		</PROVINCE>
		<PROVINCE shortname="tbr" fullname="Tabrize">
			<ADJACENCY type="mv" refs="bku teh ban bag arm" />
			<ADJACENCY type="xc" refs="bku-ec teh cas" />
		</PROVINCE>
		<PROVINCE shortname="teh" fullname="Tehran">
			<ADJACENCY type="mv" refs="khv tbr ban afg" />
			<ADJACENCY type="xc" refs="khv tbr cas" />
		</PROVINCE>
		<PROVINCE shortname="tir" fullname="Tiris">
			<ADJACENCY type="mv" refs="mrc sie mdo tgn elj twr" />
			<ADJACENCY type="xc" refs="mrc sie cny mat" />
		</PROVINCE>
		<PROVINCE shortname="tld" fullname="Toledo">
			<ADJACENCY type="mv" refs="gib brd vlc" />
			<ADJACENCY type="xc" refs="gib brd sog bob" />
		</PROVINCE>
		<PROVINCE shortname="tnk" fullname="Tonkin">
			<ADJACENCY type="mv" refs="can yun mly yut sia ann" />
			<ADJACENCY type="xc" refs="can ann scs" />
		</PROVINCE>
		<PROVINCE shortname="trn" fullname="Transvaal">
			<ADJACENCY type="mv" refs="mch bsw ctn" />
			<ADJACENCY type="xc" refs="moz ctn mch goo" />
		</PROVINCE>
		<PROVINCE shortname="trp" fullname="Tripoli">
			<ADJACENCY type="mv" refs="tun alg twr fzz tbq" />
			<ADJACENCY type="xc" refs="tun tbq ion" />
		</PROVINCE>
		<PROVINCE shortname="tun" fullname="Tunis">
			<ADJACENCY type="mv" refs="alg trp" />
			<ADJACENCY type="xc" refs="alg trp ion tys wes" />
		</PROVINCE>
		<PROVINCE shortname="uru" fullname="Uruguay">
			<ADJACENCY type="mv" refs="oli goy cag dra" />
			<ADJACENCY type="xc" refs="oli cag dra" />
		</PROVINCE>
		<PROVINCE shortname="van" fullname="Vancouver">
			<ADJACENCY type="mv" refs="ala vic sea bco" />
			<ADJACENCY type="xc" refs="ala-sc vic sea goa" />
		</PROVINCE>
		<PROVINCE shortname="ven" fullname="Venice">
			<ADJACENCY type="mv" refs="cro rom pie bav vie bud" />
			<ADJACENCY type="xc" refs="cro rom-ec adr" />
		</PROVINCE>
		<PROVINCE shortname="vla" fullname="Vladivostok">
			<ADJACENCY type="mv" refs="kam sak seo mac img irk yak" />
			<ADJACENCY type="xc" refs="kam sak seo-ec okh soj" />
		</PROVINCE>
		<PROVINCE shortname="vlc" fullname="Valencia">
			<ADJACENCY type="mv" refs="mar gib tld brd" />
			<ADJACENCY type="xc" refs="mar gib lyo wes sog" />
		</PROVINCE>
		<PROVINCE shortname="wdc" fullname="Washington DC">
			<ADJACENCY type="mv" refs="nyc ohi ten ric" />
			<ADJACENCY type="xc" refs="nyc ric che" />
		</PROVINCE>
		<!-- ports -->
		<PROVINCE shortname="amn" fullname="Andaman Islands">
			<ADJACENCY type="mv" refs="amn" />
			<ADJACENCY type="xc" refs="ase bbe gum ein" />
		</PROVINCE>
		<PROVINCE shortname="azo" fullname="Azores">
			<ADJACENCY type="mv" refs="azo" />
			<ADJACENCY type="xc" refs="bob cny nat" />
		</PROVINCE>
		<PROVINCE shortname="bah" fullname="Bahamas">
			<ADJACENCY type="mv" refs="cub atl" />
			<ADJACENCY type="xc" refs="cub atl ese sar tam" />
		</PROVINCE>
		<PROVINCE shortname="cre" fullname="Crete">
			<ADJACENCY type="mv" refs="cre" />
			<ADJACENCY type="xc" refs="eas aeg ion" />
		</PROVINCE>
		<PROVINCE shortname="crl" fullname="Caroline Islands">
			<ADJACENCY type="mv" refs="crl" />
			<ADJACENCY type="xc" refs="izu phi bis" />
		</PROVINCE>
		<PROVINCE shortname="crs" fullname="Corsica">
			<ADJACENCY type="mv" refs="crs" />
			<ADJACENCY type="xc" refs="tys lyo wes" />
		</PROVINCE>
		<PROVINCE shortname="cyp" fullname="Cyprus">
			<ADJACENCY type="mv" refs="ang syr" />
			<ADJACENCY type="xc" refs="ang-sc syr-wc eas" />
		</PROVINCE>
		<PROVINCE shortname="fal" fullname="Falkland Islands">
			<ADJACENCY type="mv" refs="fal" />
			<ADJACENCY type="xc" refs="cag dra bcu" />
		</PROVINCE>
		<PROVINCE shortname="fij" fullname="Fiji">
			<ADJACENCY type="mv" refs="fij" />
			<ADJACENCY type="xc" refs="swp cor eco" />
		</PROVINCE>
		<PROVINCE shortname="glp" fullname="Galapagos">
			<ADJACENCY type="mv" refs="glp" />
			<ADJACENCY type="xc" refs="pba gop epa" />
		</PROVINCE>
		<PROVINCE shortname="haw" fullname="Hawaii">
			<ADJACENCY type="mv" refs="haw" />
			<ADJACENCY type="xc" refs="wst npa ccu wpa eco kse epa" />
		</PROVINCE>
		<PROVINCE shortname="luz" fullname="Luzon">
			<ADJACENCY type="mv" refs="mnd" />
			<ADJACENCY type="xc" refs="mnd phi lus bis" />
		</PROVINCE>
		<PROVINCE shortname="mhl" fullname="Marshal Islands">
			<ADJACENCY type="mv" refs="mhl" />
			<ADJACENCY type="xc" refs="wpa eco bis" />
		</PROVINCE>
		<PROVINCE shortname="mld" fullname="Maldives">
			<ADJACENCY type="mv" refs="mld" />
			<ADJACENCY type="xc" refs="ein nem ara" />
		</PROVINCE>
		<PROVINCE shortname="mnd" fullname="Mindanao">
			<ADJACENCY type="mv" refs="luz" />
			<ADJACENCY type="xc" refs="luz cls bis lus sun" />
		</PROVINCE>
		<PROVINCE shortname="nzl" fullname="New Zealand">
			<UNIQUENAME name="nze" />
			<ADJACENCY type="mv" refs="nzl" />
			<ADJACENCY type="xc" refs="apa tas cor swp" />
		</PROVINCE>
		<PROVINCE shortname="oki" fullname="Okinawa">
			<ADJACENCY type="mv" refs="oki" />
			<ADJACENCY type="xc" refs="yse izu phi ecs" />
		</PROVINCE>
		<PROVINCE shortname="sct" fullname="Society Islands">
			<ADJACENCY type="mv" refs="sct" />
			<ADJACENCY type="xc" refs="kse pba spa swp" />
		</PROVINCE>
		<PROVINCE shortname="sey" fullname="Seychelles">
			<ADJACENCY type="mv" refs="sey" />
			<ADJACENCY type="xc" refs="nem hoa mch win" />
		</PROVINCE>
		<PROVINCE shortname="sgr" fullname="South Georgia Islands">
			<ADJACENCY type="mv" refs="sgr" />
			<ADJACENCY type="xc" refs="bcu sat aat" />
		</PROVINCE>
		<PROVINCE shortname="vic" fullname="Victoria">
			<ADJACENCY type="mv" refs="van sea" />
			<ADJACENCY type="xc" refs="van sea goa wba" />
		</PROVINCE>
		<PROVINCE shortname="vis" fullname="Virgin Islands">
			<ADJACENCY type="mv" refs="hai" />
			<ADJACENCY type="xc" refs="hai sar net eca" />
		</PROVINCE>
		<PROVINCE shortname="vrd" fullname="Cape Verde Islands">
			<ADJACENCY type="mv" refs="vrd" />
			<ADJACENCY type="xc" refs="cny sar mat" />
		</PROVINCE>
		<!-- water -->
		<PROVINCE shortname="aat" fullname="Antarctic Atlantic">
			<ADJACENCY type="xc" refs="ain goo sat sgr bcu dra" />
		</PROVINCE>
		<PROVINCE shortname="adr" fullname="Adriatic Sea">
			<ADJACENCY type="xc" refs="ion gre bos-wc cro ven rom-ec sal tys sic" />
		</PROVINCE>
		<PROVINCE shortname="aeg" fullname="Aegean Sea">
			<ADJACENCY type="xc" refs="cre eas con sof-sc bos-ec gre ion bla" /> <!-- bla only if owns con -->
		</PROVINCE>
		<PROVINCE shortname="ain" fullname="Antarctic Indian">
			<ADJACENCY type="xc" refs="set apa win goo aat brr" />
		</PROVINCE>
		<PROVINCE shortname="apa" fullname="Antarctic Pacific">
			<ADJACENCY type="xc" refs="dra cba spa swp nzl tas brr ain" />
		</PROVINCE>
		<PROVINCE shortname="ara" fullname="Arabian">
			<ADJACENCY type="xc" refs="ein mld nem hoa hdr-sc oma pgu gum mds bom guj krc" />
		</PROVINCE>
		<PROVINCE shortname="ase" fullname="Andaman Sea">
			<ADJACENCY type="xc" refs="bnk-wc rng bbe amn ein sum jse mal" />
		</PROVINCE>
		<PROVINCE shortname="bal" fullname="Baltic Sea">
			<ADJACENCY type="xc" refs="lvn pru ber kie-ec den ska swe bot" />
		</PROVINCE>
		<PROVINCE shortname="bar" fullname="Barents Sea">
			<UNIQUENAME name="bas" />
			<ADJACENCY type="xc" refs="grn ice nwg nwy fin-nc stp-nc nps" />
		</PROVINCE>
		<PROVINCE shortname="bbe" fullname="Bay of Bengal">
			<ADJACENCY type="xc" refs="amn ase rng ben hyd gum" />
		</PROVINCE>
		<PROVINCE shortname="bcu" fullname="Brazil Current">
			<ADJACENCY type="xc" refs="mat sat rdj cag dra fal sgr rec aat" />
		</PROVINCE>
		<PROVINCE shortname="bis" fullname="Bismark">
			<ADJACENCY type="xc" refs="eco mhl crl izu cls ija ngu cor wpa phi mnd luz" />
		</PROVINCE>
		<PROVINCE shortname="bla" fullname="Black Sea">
			<ADJACENCY type="xc" refs="sof-ec rum sev geo-wc bku-wc ang-nc con aeg" /> <!-- aeg only if owns con -->
		</PROVINCE>
		<PROVINCE shortname="bob" fullname="Bay of Biscay">
			<UNIQUENAME name="mao" />
			<ADJACENCY type="xc" refs="nat nan brd tld sog cny azo" />
		</PROVINCE>
		<PROVINCE shortname="bot" fullname="Gulf of Bothnia">
			<UNIQUENAME name="gob" />
			<ADJACENCY type="xc" refs="lvn stp-sc fin-sc swe bal" />
		</PROVINCE>
		<PROVINCE shortname="brr" fullname="Barrier">
			<ADJACENCY type="xc" refs="tas nsw sau per set ain apa" />
		</PROVINCE>
		<PROVINCE shortname="bse" fullname="Bering Sea">
			<ADJACENCY type="xc" refs="ala-nc anc wst npa kam kur" />
		</PROVINCE>
		<PROVINCE shortname="cag" fullname="Coast of Argentina">
			<ADJACENCY type="xc" refs="rdj bcu fal dra uru oli" />
		</PROVINCE>
		<PROVINCE shortname="cas" fullname="Caspian Sea">
			<ADJACENCY type="xc" refs="geo-ec orn khv teh tbr bku-ec" />
		</PROVINCE>
		<PROVINCE shortname="cba" fullname="Chilean Basin">
			<ADJACENCY type="xc" refs="dra apa spa qto pba" />
		</PROVINCE>
		<PROVINCE shortname="ccu" fullname="Counter Current">
			<ADJACENCY type="xc" refs="epa wco haw npa" />
		</PROVINCE>
		<PROVINCE shortname="che" fullname="Chesapeake">
			<ADJACENCY type="xc" refs="nsc hud que nyc wdc ric ese nat" />
		</PROVINCE>
		<PROVINCE shortname="cls" fullname="Celebes Sea">
			<ADJACENCY type="xc" refs="tim cel brn srw sun mnd bis ija jse" />
		</PROVINCE>
		<PROVINCE shortname="cny" fullname="Canary">
			<ADJACENCY type="xc" refs="bob sog mrc tir azo nat sar vrd mat" />
		</PROVINCE>
		<PROVINCE shortname="cor" fullname="Coral">
			<ADJACENCY type="xc" refs="fij eco bis ngu tim qnl swp tas nzl" />
		</PROVINCE>
		<PROVINCE shortname="dra" fullname="Drake">
			<ADJACENCY type="xc" refs="uru cag fal bcu aat apa cba" />
		</PROVINCE>
		<PROVINCE shortname="eas" fullname="Eastern Mediterranean">
			<UNIQUENAME name="eme" />
			<ADJACENCY type="xc" refs="con ang-sc cyp syr-wc cai-nc tbq ion cre aeg" />
		</PROVINCE>
		<PROVINCE shortname="eca" fullname="Eastern Carribean">
			<ADJACENCY type="xc" refs="vis hai wca sar net pmb cld clb bgt-nc" />
		</PROVINCE>
		<PROVINCE shortname="eco" fullname="Equatorial CounterCurrent">
			<ADJACENCY type="xc" refs="mhl wpa bis cor fij swp kse haw" />
		</PROVINCE>
		<PROVINCE shortname="ecs" fullname="East China Sea">
			<ADJACENCY type="xc" refs="oki yse sha fuc hko scs for phi" />
		</PROVINCE>
		<PROVINCE shortname="ein" fullname="East Indian">
			<ADJACENCY type="xc" refs="set sum ase amn gum cey ara mld nem" />
		</PROVINCE>
		<PROVINCE shortname="epa" fullname="Eastern Pacific">
			<ADJACENCY type="xc" refs="pba glp gop goc wco ccu haw kse" />
		</PROVINCE>
		<PROVINCE shortname="ese" fullname="Eastern Seaboard">
			<ADJACENCY type="xc" refs="sar nat che ric atl bah" />
		</PROVINCE>
		<PROVINCE shortname="goa" fullname="Gulf of Alaska">
			<ADJACENCY type="xc" refs="ala-sc anc npa wba vic van" />
		</PROVINCE>
		<PROVINCE shortname="goc" fullname="Gulf of California">
			<ADJACENCY type="xc" refs="gop epa wco son maz oax gtm-wc hon-wc" />
		</PROVINCE>
		<PROVINCE shortname="gog" fullname="Gulf of Guinea">
			<ADJACENCY type="xc" refs="gcs ivc dnk cmn okn sat mat" />
		</PROVINCE>
		<PROVINCE shortname="gom" fullname="Gulf of Mexico">
			<ADJACENCY type="xc" refs="tam nol aus coa mex mer wca cub" />
		</PROVINCE>
		<PROVINCE shortname="goo" fullname="Goodhope">
			<ADJACENCY type="xc" refs="ctn sat aat ain win mad mch trn" />
		</PROVINCE>
		<PROVINCE shortname="gop" fullname="Gulf of Panama">
			<ADJACENCY type="xc" refs="glp pba lim bgt-sc pan-sc hon-wc goc epa" />
		</PROVINCE>
		<PROVINCE shortname="gos" fullname="Gulf of Siam">
			<ADJACENCY type="xc" refs="jse mal bnk-ec cmb cch scs sun" />
		</PROVINCE>
		<PROVINCE shortname="gum" fullname="Gulf of Manaar">
			<ADJACENCY type="xc" refs="bbe hyd mds ara cey amn ein" />
		</PROVINCE>
		<PROVINCE shortname="hel" fullname="Helgoland Bight">
			<UNIQUENAME name="hlg" />
			<ADJACENCY type="xc" refs="hol kie-wc den nth" />
		</PROVINCE>
		<PROVINCE shortname="hoa" fullname="Horn of Africa">
			<ADJACENCY type="xc" refs="mch sey nem ara ken som rse ade hdr-sc" />
		</PROVINCE>
		<PROVINCE shortname="hud" fullname="Hudson">
			<ADJACENCY type="xc" refs="rla ont que che nsc nat nps grn" />
		</PROVINCE>
		<PROVINCE shortname="ion" fullname="Ionian Sea">
			<ADJACENCY type="xc" refs="tbq trp tun tys sic adr aeg cre eas gre" />
		</PROVINCE>
		<PROVINCE shortname="izu" fullname="Izu Trench">
			<ADJACENCY type="xc" refs="kur edo soj kag yse oki phi wpa crl bis" />
		</PROVINCE>
		<PROVINCE shortname="jse" fullname="Java Sea">
			<ADJACENCY type="xc" refs="brn srw sun gos mal sin ase sum set jav tim cel cls" />
		</PROVINCE>
		<PROVINCE shortname="kse" fullname="Kirbati Sea">
			<ADJACENCY type="xc" refs="haw epa eco swp sct pba" />
		</PROVINCE>
		<PROVINCE shortname="kur" fullname="Kuril">
			<ADJACENCY type="xc" refs="wst bse okh sap soj edo wpa izu kam" />
		</PROVINCE>
		<PROVINCE shortname="lus" fullname="Luzon Sea">
			<ADJACENCY type="xc" refs="phi scs luz mnd sun" />
		</PROVINCE>
		<PROVINCE shortname="lyo" fullname="Gulf of Lyon">
			<UNIQUENAME name="gol" />
			<ADJACENCY type="xc" refs="wes crs tys rom-wc pie mar vlc" />
		</PROVINCE>
		<PROVINCE shortname="mat" fullname="Middle Atlantic">
			<ADJACENCY type="xc" refs="cny sar vrd net tir sie mnv gcs gog sat rec bcu" />
		</PROVINCE>
		<PROVINCE shortname="mch" fullname="Malagasy Channel">
			<ADJACENCY type="xc" refs="goo mad win sey hoa ken moz trn" />
		</PROVINCE>
		<PROVINCE shortname="nat" fullname="North Atlantic">
			<UNIQUENAME name="nao" />
			<ADJACENCY type="xc" refs="bob nan nth lon nps dub hud sar ese che nsc azo cny" />
		</PROVINCE>
		<PROVINCE shortname="nem" fullname="North East Monsoon">
			<ADJACENCY type="xc" refs="set win sey hoa ein mld ara" />
		</PROVINCE>
		<PROVINCE shortname="net" fullname="North East Trades">
			<ADJACENCY type="xc" refs="eca vis sar mat rec pra cyn pmb" />
		</PROVINCE>
		<PROVINCE shortname="npa" fullname="North Pacific">
			<ADJACENCY type="xc" refs="ccu haw wst wco wba goa anc bse" />
		</PROVINCE>
		<PROVINCE shortname="nps" fullname="North Passage">
			<ADJACENCY type="xc" refs="bar ice nwg edi lon dub nat hud grn" />
		</PROVINCE>
		<PROVINCE shortname="nth" fullname="North Sea">
			<ADJACENCY type="xc" refs="nan rou hol hel den ska nwy nwg edi lon nat" />
		</PROVINCE>
		<PROVINCE shortname="nwg" fullname="Norwegian Sea">
			<ADJACENCY type="xc" refs="edi nps ice bar nwy nth" />
		</PROVINCE>
		<PROVINCE shortname="okh" fullname="Okhotsk">
			<ADJACENCY type="xc" refs="kam kur sap soj sak vla" />
		</PROVINCE>
		<PROVINCE shortname="pba" fullname="Pacific Basin">
			<ADJACENCY type="xc" refs="cba spa sct qto lim gop glp kse epa" />
		</PROVINCE>
		<PROVINCE shortname="pgu" fullname="Persian Gulf">
			<ADJACENCY type="xc" refs="ara krc ban bag hdr-nc oma" />
		</PROVINCE>
		<PROVINCE shortname="phi" fullname="Philippine">
			<ADJACENCY type="xc" refs="izu oki ecs for scs lus luz bis crl" />
		</PROVINCE>
		<PROVINCE shortname="rse" fullname="Red Sea">
			<ADJACENCY type="xc" refs="hoa som aby sud asw cai-ec syr-sc mec ade" />
		</PROVINCE>
		<PROVINCE shortname="sar" fullname="Sargasso">
			<ADJACENCY type="xc" refs="nat ese bah cub hai eca vis net cny vrd mat" />
		</PROVINCE>
		<PROVINCE shortname="sat" fullname="South Atlantic">
			<ADJACENCY type="xc" refs="gog okn agl mat bcu dml ctn goo sgr aat" />
		</PROVINCE>
		<PROVINCE shortname="scs" fullname="South China Sea">
			<ADJACENCY type="xc" refs="phi lus sun gos cch ann tnk can hko ecs for" />
		</PROVINCE>
		<PROVINCE shortname="set" fullname="South East Trades">
			<ADJACENCY type="xc" refs="ain win brr per nem ein sum jse jav tim" />
		</PROVINCE>
		<PROVINCE shortname="ska" fullname="Skagerrak">
			<ADJACENCY type="xc" refs="bal den nth nwy swe" />
		</PROVINCE>
		<PROVINCE shortname="sog" fullname="Straits of Gibraltar">
			<ADJACENCY type="xc" refs="wes mrc vlc gib tld bob cny" />
		</PROVINCE>
		<PROVINCE shortname="soj" fullname="Sea of Japan">
			<ADJACENCY type="xc" refs="sap okh sak vla seo-ec fsn kag izu kur edo yse" />
		</PROVINCE>
		<PROVINCE shortname="spa" fullname="South Pacific">
			<ADJACENCY type="xc" refs="apa swp sct pba cba" />
		</PROVINCE>
		<PROVINCE shortname="sun" fullname="Sunda">
			<ADJACENCY type="xc" refs="jse srw cls mnd lus scs gos" />
		</PROVINCE>
		<PROVINCE shortname="swp" fullname="South West Pacific">
			<ADJACENCY type="xc" refs="eco kse sct spa apa nzl cor fij" />
		</PROVINCE>
		<PROVINCE shortname="tam" fullname="Tampa">
			<ADJACENCY type="xc" refs="atl nol gom cub bah" />
		</PROVINCE>
		<PROVINCE shortname="tas" fullname="Tasman">
			<ADJACENCY type="xc" refs="nzl apa brr nsw cor qnl" />
		</PROVINCE>
		<PROVINCE shortname="tim" fullname="Timor">
			<ADJACENCY type="xc" refs="ija ngu cor qnl ntr per set jav jse cel cls" />
		</PROVINCE>
		<PROVINCE shortname="tys" fullname="Tyrrhenian Sea">
			<ADJACENCY type="xc" refs="rom-wc lyo crs wes tun ion sic adr sal" />
		</PROVINCE>
		<PROVINCE shortname="wba" fullname="West Bay">
			<ADJACENCY type="xc" refs="vic goa npa wco sfo ore sea" />
		</PROVINCE>
		<PROVINCE shortname="wca" fullname="Western Carribean">
			<ADJACENCY type="xc" refs="eca bgt-nc pan-nc hon-ec gtm-ec mer gom cub hai" />
		</PROVINCE>
		<PROVINCE shortname="wco" fullname="West Coast">
			<ADJACENCY type="xc" refs="sfo wba npa ccu epa goc son" />
		</PROVINCE>
		<PROVINCE shortname="wes" fullname="Western Mediterranean">
			<UNIQUENAME name="wme" />
			<ADJACENCY type="xc" refs="tun alg mrc sog vlc lyo crs tys" />
		</PROVINCE>
		<PROVINCE shortname="win" fullname="West Indian">
			<ADJACENCY type="xc" refs="nem sey mch mad set goo ain" />
		</PROVINCE>
		<PROVINCE shortname="wpa" fullname="West Pacific">
			<ADJACENCY type="xc" refs="haw eco wst kur izu bis mhl" />
		</PROVINCE>
		<PROVINCE shortname="wst" fullname="Westerlies">
			<ADJACENCY type="xc" refs="npa haw bse kur wpa" />
		</PROVINCE>
		<PROVINCE shortname="yse" fullname="Yellow Sea">
			<ADJACENCY type="xc" refs="kag soj izu oki ecs sha pek mac poa seo-wc fsn" />
		</PROVINCE>
		<!-- impassables -->
		<!--
		<PROVINCE shortname="aci" fullname="Arctic Circle">
			<ADJACENCY type="mv" refs="bse ala-nc yuk nte rla hud grn bar stp-nc prm oms eve yak kam" />
		</PROVINCE>
		<PROVINCE shortname="and" fullname="Andes Mountains">
			<ADJACENCY type="mv" refs="qto lpa goy uru cba dra" />
		</PROVINCE>
		<PROVINCE shortname="ant" fullname="Antarctica">
			<ADJACENCY type="mv" refs="apa dra aat ain apa" />
		</PROVINCE>
		<PROVINCE shortname="grl" fullname="Great Lakes">
			<ADJACENCY type="mv" refs="min chc ohi det wdc nyc ont" />
		</PROVINCE>
		<PROVINCE shortname="him" fullname="Himalayas">
			<ADJACENCY type="mv" refs="tib kas del lck ben" />
		</PROVINCE>
		<PROVINCE shortname="lny" fullname="Lake Nyasa">
			<ADJACENCY type="mv" refs="moz ken cng" />
		</PROVINCE>
		<PROVINCE shortname="lta" fullname="Lake Tanganyika">
			<ADJACENCY type="mv" refs="ken sde cng" />
		</PROVINCE>
		<PROVINCE shortname="rky" fullname="Rocky Mountains">
			<ADJACENCY type="mv" refs="bco van sea uta neb alb kan nme" />
		</PROVINCE>
		<PROVINCE shortname="sde" fullname="Sahara Desert">
			<ADJACENCY type="mv" refs="fzz twr elj mdo ash cmn dar okn cng ken lta" />
		</PROVINCE>
		<PROVINCE shortname="swi" fullname="Switzerland">
			<ADJACENCY type="mv" refs="stu met mar pie ven bav" />
		</PROVINCE>
		-->
</PROVINCES>