<?xml version="1.0" standalone="yes"?>
<!DOCTYPE VARIANTS [
	<!ELEMENT VARIANTS (DESCRIPTION, MAP_DEFINITION+, VARIANT+)>
	
	<!ELEMENT DESCRIPTION (#PCDATA)>
	
	<!ELEMENT MAP_DEFINITION (DESCRIPTION?)>
	<!ATTLIST MAP_DEFINITION 
		id ID #REQUIRED
		title CDATA #REQUIRED
		URI CDATA #REQUIRED
		thumbURI CDATA #REQUIRED
		preferredUnitStyle CDATA #IMPLIED
		>
	
	<!ELEMENT VARIANT (DESCRIPTION, MAP, RULEOPTIONS?, POWER+, STARTINGTIME, VICTORYCONDITIONS, SUPPLYCENTER+, INITIALSTATE*)>
	<!ATTLIST VARIANT
			name CDATA #REQUIRED
			default (true|false) "false"
			version CDATA #REQUIRED
			aliases CDATA #IMPLIED
			>
			
	<!ELEMENT MAP (MAP_GRAPHIC*)>
	<!ATTLIST MAP adjacencyURI CDATA #REQUIRED>
	
	<!ELEMENT MAP_GRAPHIC EMPTY>
	<!ATTLIST MAP_GRAPHIC
			ref IDREF #REQUIRED
			default (true|false) "false"
			preferredUnitStyle CDATA #IMPLIED
			>
	
	<!ELEMENT RULEOPTIONS (RULEOPTION+)>
	<!ELEMENT RULEOPTION EMPTY>
	<!ATTLIST RULEOPTION	name CDATA #REQUIRED
				value CDATA #REQUIRED>
	
	<!ELEMENT POWER EMPTY>
	<!ATTLIST POWER name CDATA #REQUIRED
			active (true|false) "true"
			adjective CDATA #REQUIRED
			altnames CDATA #IMPLIED
			>
	
	<!ELEMENT STARTINGTIME EMPTY>
	<!ATTLIST STARTINGTIME 	turn CDATA #REQUIRED
				allowBCYears (true|false) "false"
				>
	
	<!ELEMENT VICTORYCONDITIONS (WINNING_SUPPLY_CENTERS?, YEARS_WITHOUT_SC_CAPTURE?, GAME_LENGTH?)>
	
	<!ELEMENT WINNING_SUPPLY_CENTERS EMPTY>
	<!ATTLIST WINNING_SUPPLY_CENTERS value CDATA #REQUIRED>
	
	<!ELEMENT YEARS_WITHOUT_SC_CAPTURE EMPTY>
	<!ATTLIST YEARS_WITHOUT_SC_CAPTURE value CDATA #REQUIRED>
	
	<!ELEMENT GAME_LENGTH EMPTY>
	<!ATTLIST GAME_LENGTH value CDATA #REQUIRED>
	
	<!ELEMENT SUPPLYCENTER EMPTY>
	<!ATTLIST SUPPLYCENTER 	province CDATA #REQUIRED
				homepower CDATA "none"
				owner CDATA "none"
				>
				
	<!ELEMENT INITIALSTATE EMPTY>
	<!ATTLIST INITIALSTATE 	province CDATA #REQUIRED
				power CDATA #REQUIRED
				unit CDATA #REQUIRED
				unitcoast CDATA #IMPLIED
				>
]>
<VARIANTS>
	<DESCRIPTION><![CDATA[Imperial variant.]]></DESCRIPTION> 
	
	<MAP_DEFINITION id="imperial" title="Imperial" preferredUnitStyle="period" URI="imperial.svg" thumbURI="imperial_thumb.png">
		<DESCRIPTION>The map for Imperial variant.</DESCRIPTION>
	</MAP_DEFINITION>
	
	<VARIANT name="Imperial" version="1.0" aliases="imperial">
		<DESCRIPTION><![CDATA[
		<p>
			This is a global variant set in the mid-19th Century. It was designed to provide on-line players with a 
			(hopefully) fun and challenging global game in a historical setting. However, this variant was not designed 
			to recreate historical events. It merely uses them as a springboard.
		</p>
		<h2>Rules</h2>
		<p>
			This variant follows all of the rules in Standard Diplomacy, except the following.
		</p>
		<h2>Start Date</h2>
		<p>
			The game begins in Spring 1861. The Seasons work just like Standard Diplomacy (Spring\Fall).
		</p>
		<h2>Victory Conditions</h2>
		<p>
			A short game requires a player to possess 70 supply centers at the end of any fall retreat. A long game 
			requires a player to possess 84 supply centers at the end of any fall retreat. As an optional rule, the game 
			will also end on Spring 1901 should no player possess the required number of supply centers. 
		</p>
		<h2>Occupation of Home Supply Centers</h2>
			If a Power occupies an opposing power's Home Supply Center, he may build from it as if it were his own. 
		</p>
		<p>
			<b>Example:</b> USA occupies Richmond. Until another power occupies Richmond, it is considered a Home Supply 
			Center for the USA.
		</p>
		<h2>Map Clarifications</h2>
			<h3>Impassable <i>(Great Lakes, Rocky Mountains, Andes, Switzerland, Sahara Desert, Himalayas)</i><h3>
			<p>
				These zones act exactly like Switzerland in Standard Diplomacy.
			</p>
			<h3>Island Chains <i>(Hawaiian Islands, Galapagos Islands, Society Islands, Bahamas, Virgin Islands, Azores, 
			Cape Verde Islands, Falkland Islands, South George Island, Corsica, Crete, Seychelles, Maldives, 
			Andaman Islands, Okinawa, Carolines, Marshalls, Fiji, and New Zealand)</i><h3>
			<p>
				Island Chains are coastal territories that may be entered through any adjacent sea zones. 
				They may be occupied by either armies or navies. However, they do not act like canals.
			</p>
			<p>
				<b>Examples:</b> A Fleet in the Andaman Islands may move to Gulf of Manaar, Bay of Bengal, 
				Andaman Sea, or the East Indian Ocean. A Fleet in Gulf of Manaar may convoy an Army to the Andaman 
				Islands. However, a Fleet in Gulf of Manaar may not move to Andaman Sea.
			</p>
			<h3>Large Island Chains <i>(Cuba\Haiti and Luzon\Mindanao)</i><h3>
			<p>
				Large Island Chains are essentially two coastal provinces surrounded by water and attached by a 
				land bridge. Both Armies and Fleets may move from Island to Island. However, a Fleet may not 
				move from one Sea Zone to another on the opposite side of the Large Island Chain.
			</p>
			<p>
				<b>Examples:</b> Luzon is attached to Luzon Strait, Philippine Sea, Bismark Sea, and Mindanao. An Army 
				may move from Luzon to Mindanao. A Fleet may move from Luzon to Mindanao. A Fleet may move from 
				Luzon to Luzon Strait. A Fleet may not move from Bismark Sea to Luzon Strait.
			</p>
			<h3>Land Bridge <i>(Constantinople)</i></h3>
			<p>
				In order to move a Fleet directly from the Black Sea to the Aegean Sea, a player must own 
				Constantinople.
			</p>
			<h3>Straits <i>(Victoria/Vancouver, Victoria/Washington, Detroit/Minnesota, Nova Scotia/Quebec, 
			Atlanta/Bahamas, Bahamas/Cuba, Cuba/Haiti, Hait/Virgin Islands, Dublin/Edinburgh, Gibraltar/Morocco, 
			Denmark/Norway, Denmark/Sweden, Cypress/Angora, Cypress/Syria, Singapore/Malaysia, Luzon/Mindanao, 
			Kagoshima/Edo, Edo/Sapporo, Sakhurlin/Vladivostok)</i></h3>
			<p>
				These land bridges work exactly as they do in Colonial Diplomacy. Though the provinces mentioned are 
				separated by water, Both Armies and Fleets may move from one to the other.
			</p>
			<h3>Wraparound <i>(Bering Sea, Westerlies, West Pacific, Equatorial Counter Current, South West Pacific, 
			Antarctic Pacific)</i></h3>
			<p>
				You will note that some sea zones can be found on both ends of the map. They are actually the same sea 
				zones on both ends of the map. So in effect, a Fleet coming from Kuril Sea could move into the 
				Westerlies on the right side of the map and be adjacent to the Hawaiian Islands on the left side of the 
				map. 
			</p>
		<h2>Starting Positions</h2>
		<div class="indent1cm" style="margin-top:7pt;">
			<b>Austria (A):</b> army Vienna, army Venice, army Budapest, fleet Croatia;<br>
			<b>Brazil (Z):</b> fleet Recife, army Brasilia, army Oliveira, fleet Rio de Janeiro;<br>
			<b>Britain (B):</b> army Delhi, fleet Gibraltar, fleet London, fleet Falkland Islands, fleet Aden, 
			fleet Bombay, fleet Singapore, fleet Nova Scotia, army Dublin, army Quebec, army Vancouver, fleet Hong Kong, 
			army Perth, fleet Edinburgh;<br>
			<b>China (C):</b> army Peking, army Shanghai, army Manchuria, army Canton, army Wuhan, army Chungking, 
			army Sinkiang;<br>
			<b>CSA (S):</b> army Richmond, army Atlanta, army Austin, army New Orleans;<br>
			<b>France (F):</b> army Paris, fleet Nantes, army Cambodia, fleet Society Islands, fleet Corsica, 
			fleet Cayenne, fleet Monrovia, army Grain Coast, army Marseilles;<br>
			<b>Holland (H):</b> fleet Holland, fleet Ceylon, fleet Sumatra, fleet Cape Town, fleet Java, army Transvaal, 
			army Borneo, army Paramaribo;<br>
			<b>Japan (J):</b> army Edo, fleet Sapporo, fleet Okinawa, fleet Kagoshima;<br>
			<b>Mexico (X):</b> fleet Merida, fleet Mazatlan, army Mexico City;<br>
			<b>Prussia (P):</b> army Berlin, army Prussia, army Silesia, army Ruhr;<br>
			<b>Russia (R):</b> army Warsaw, army Georgia, army Orenburg, fleet Port Arthur, army Irkutsk, fleet Sevastopol, 
			army Anchorage, fleet St Petersburg/sc, army Omsk, army Moscow, army Vladivostok;<br>
			<b>Turkey (T):</b> fleet Angora/nc, fleet Cyprus, fleet Baghdad, army Constantinople, army Sofia, 
			army Cairo;<br>
			<b>USA (U):</b> army Detroit, army Chicago, fleet Oregon, army Washington DC, fleet New York, 
			army San Francisco;<br>
		</div>
		<h2>1861, A Brief Look</h2>
		<p>
			The 1860's were the crossroads of the 19th Century. The Concert of Europe was beginning to fall to a growing 
			tide of nationalism. The Americas were thrown into turmoil with the formation of the Confederacy. Asia and 
			Africa had not yet been carved up between the competing British and French Empires. How the great powers of the 
			time reacted set the course for the 20th Century, leading to the Alliance systems of the Great War, the Second 
			World War, and the Cold War. Keep in mind that some of the powers of the 1860's no longer exist because of how 
			they reacted.
		</p>
			<h3>Britain</h3>
			<p>
				By 1861 the British Empire was the greatest power on the planet. Its influence was felt on every 
				continent, but the British Empire had not yet reached its peak, and its colonial holdings could just as 
				easily been torn from it as Spain's had during the 1870's.
			</p>
			<h3>France </h3>
			<p>
				France competed with Britain on virtually every level. Though it was not as powerful as its sometime 
				rival, sometime ally, France was still neck and neck with Britain in its colonial holdings. France is 
				the only power in 1861 that can wage war with Britain on an equal footing.
			</p>
			<h3>Russia</h3>
			<p>
				The Russia of the 1860's had not yet suffered the crippling events of the Russo-Japanese War and the 
				1905 Revolution. Its power spread from Eastern Europe through Asia and into North America. Though it 
				eventually fell to internal conflict, the Russia of the 1860's was still very much a world power.
			</p>
			<h3>Holland</h3>
			<p>
				Though Holland wasn't much of a power on the European continent, its colonial holdings in the Far East, 
				Africa, and South America gave it the leverage to compete on about the same level as France and Russia.
			</p>
			<h3>Turkey</h3>
			<p>
				The Turkey of the 1860's stretched from the Balkans to the Persian Gulf and south into Africa. Though 
				it was considered the `Sick Man of Europe', destined for oblivion in the fires of the Great War, 
				Turkey's central location and strength could have easily turned it into one of the world powers of the 
				20th Century.
			</p>
			<h3>China</h3>
			<p>
				19th Century China was rapidly falling to Western hands. By the 1860's China had already been forced to 
				open its ports to foriegn control. However, Europe had not yet turned its full attention to Imperial 
				domination of the Orient. China still had the chance to regain its standing amongst the Great Powers.
			</p>
			<h3>Prussia</h3>
			<p>
				Prussia was rapidly reaching its peak by the 1860's. By 1870, Prussia had unified Germany under its 
				rule, radically shifting the balance of power in Europe away from Britain and France. As Germany, its 
				political and military strength dictated the policies of both Britain and France during the latter half 
				of the 19th Century.
			</p>
			<h3>Austria</h3>
			<p>
				One of the great European powers of the 19th Century, it was destined for economic ruin and political 
				destruction by the end of the Great War. However, by 1861, the wars of unification had not yet happened 
				in Germany and Italy. Austria still had the capacity of becoming a great power of the 20th Century.
			</p>
			<h3>Japan</h3>
			<p>
				Its gate forced open just 10 years prior, Japan was scrambling to `Westernize' itself for survival. 
				Historically, Japan's standing in the eyes of the world was cemented by the Russo-Japanese War of 1905. 
				However, it could have suffered the same fate as China just as easily.
			</p>
			<h3>USA</h3>
			<p>
				With the Secession of the Confederacy, the United States was thrown into turmoil, and its future was in 
				no way secure. The 1860's was dominated by the bloodiest war in US history, and though it ended with 
				the defeat of the Confederacy, it could have ended with the creation of a new and powerful neighbor in 
				North America. Regardless of the outcome of the war, the United States was forever changed.
			</p>
			<h3>CSA</h3>
			<p>
				The Confederacy was struggling for its independance from the United States during the early 1860's. 
				Though it was defeated, the Confederacy had the potential of radically changing the balance of power in 
				North America and eventually the world. If it had survived, it could have easily become a great power 
				in the 20th Century.
			</p>
			<h3>Mexico</h3>
			<p>
				By the 1860's, Mexico had gone through a series of revolutions and distasterous wars. It was on the 
				decline. If it had taken advantage of the Civil War, Mexico might have been able to turn its fortunes 
				around, eventually reclaiming territories it had lost to the US in the 1840's.
			</p>
			<h3>Brazil</h3>
			<p>
				One of the few major powers on the South American continent, Brazil faced few challenges to a possible 
				expansion. It would have had the capacity to make its mark in world affairs, rising to the status of 
				great power by the 20th Century.
			</p>
		<h2>Map Notes</h2>
		<p>
			The map for this variant was designed for GM'd PBEM play. The map should be viewed in 256 colors, and players 
			trying to read it should do so at a zoom of 100%-200%, though they can easily make out the state of affairs at 
			a zoom of 50% or smaller. Included on the map file are army and fleet icons designed for use with the game. 
			Take a look at the map legend in the upper left hand corner.
		</p>
		<p>
			Variant Author: Michael David Roberts<br>
			jDip Variant Creator: Stefano Costantini<br>
		</p>
		]]>
		</DESCRIPTION> 
		<MAP adjacencyURI="imperial_adjacency.xml">
			<MAP_GRAPHIC ref="imperial" default="true" />
		</MAP>

		<RULEOPTIONS>
			<RULEOPTION name="OPTION_BUILDS" value="VALUE_BUILDS_ANY_OWNED" />
		</RULEOPTIONS>
		
		<POWER name="Austria" active="true" adjective="Austrian" />
		<POWER name="Brazil" active="true" adjective="Brazilian" />
		<POWER name="Britain" active="true" adjective="British" />
		<POWER name="China" active="true" adjective="Chinese" />
		<POWER name="CSA" active="true" adjective="Confederate" />
		<POWER name="France" active="true" adjective="French" />
		<POWER name="Holland" active="true" adjective="Dutch" />
		<POWER name="Japan" active="true" adjective="Japanese" />
		<POWER name="Mexico" active="true" adjective="Mexican" />
		<POWER name="Prussia" active="true" adjective="Prussian" />
		<POWER name="Russia" active="true" adjective="Russian" />
		<POWER name="Turkey" active="true" adjective="Turkish" />
		<POWER name="USA" active="true" adjective="Union" />
		<STARTINGTIME turn="Spring, 1861, Movement" />
		<VICTORYCONDITIONS>
			<WINNING_SUPPLY_CENTERS value="84" />
			<YEARS_WITHOUT_SC_CAPTURE value="7" />
			<GAME_LENGTH value="40" />
		</VICTORYCONDITIONS>

		<!-- Austrian home supply centers -->
		<SUPPLYCENTER province="bud" homepower="Austria" owner="Austria" />
		<SUPPLYCENTER province="cro" homepower="Austria" owner="Austria" />
		<SUPPLYCENTER province="ven" homepower="Austria" owner="Austria" />
		<SUPPLYCENTER province="vie" homepower="Austria" owner="Austria" />
		<!-- Brazilian home supply centers -->
		<SUPPLYCENTER province="bra" homepower="Brazil" owner="Brazil" />
		<SUPPLYCENTER province="oli" homepower="Brazil" owner="Brazil" />
		<SUPPLYCENTER province="rdj" homepower="Brazil" owner="Brazil" />
		<SUPPLYCENTER province="rec" homepower="Brazil" owner="Brazil" />
		<!-- British home supply centers -->
		<SUPPLYCENTER province="ade" homepower="Britain" owner="Britain" />
		<SUPPLYCENTER province="bom" homepower="Britain" owner="Britain" />
		<SUPPLYCENTER province="del" homepower="Britain" owner="Britain" />
		<SUPPLYCENTER province="dub" homepower="Britain" owner="Britain" />
		<SUPPLYCENTER province="edi" homepower="Britain" owner="Britain" />
		<SUPPLYCENTER province="fal" homepower="Britain" owner="Britain" />
		<SUPPLYCENTER province="gib" homepower="Britain" owner="Britain" />
		<SUPPLYCENTER province="hko" homepower="Britain" owner="Britain" />
		<SUPPLYCENTER province="lon" homepower="Britain" owner="Britain" />
		<SUPPLYCENTER province="nsc" homepower="Britain" owner="Britain" />
		<SUPPLYCENTER province="per" homepower="Britain" owner="Britain" />
		<SUPPLYCENTER province="que" homepower="Britain" owner="Britain" />
		<SUPPLYCENTER province="sin" homepower="Britain" owner="Britain" />
		<SUPPLYCENTER province="van" homepower="Britain" owner="Britain" />
		<!-- Chinese home supply centers -->
		<SUPPLYCENTER province="can" homepower="China" owner="China" />
		<SUPPLYCENTER province="chk" homepower="China" owner="China" />
		<SUPPLYCENTER province="mac" homepower="China" owner="China" />
		<SUPPLYCENTER province="pek" homepower="China" owner="China" />
		<SUPPLYCENTER province="sha" homepower="China" owner="China" />
		<SUPPLYCENTER province="snk" homepower="China" owner="China" />
		<SUPPLYCENTER province="wuh" homepower="China" owner="China" />
		<!-- Confederate home supply centers -->
		<SUPPLYCENTER province="atl" homepower="CSA" owner="CSA" />
		<SUPPLYCENTER province="aus" homepower="CSA" owner="CSA" />
		<SUPPLYCENTER province="nol" homepower="CSA" owner="CSA" />
		<SUPPLYCENTER province="ric" homepower="CSA" owner="CSA" />
		<!-- French home supply centers -->
		<SUPPLYCENTER province="cch" homepower="France" owner="France" />
		<SUPPLYCENTER province="cmb" homepower="France" owner="France" />
		<SUPPLYCENTER province="crs" homepower="France" owner="France" />
		<SUPPLYCENTER province="cyn" homepower="France" owner="France" />
		<SUPPLYCENTER province="gcs" homepower="France" owner="France" />
		<SUPPLYCENTER province="mar" homepower="France" owner="France" />
		<SUPPLYCENTER province="mnv" homepower="France" owner="France" />
		<SUPPLYCENTER province="nan" homepower="France" owner="France" />
		<SUPPLYCENTER province="par" homepower="France" owner="France" />
		<SUPPLYCENTER province="sct" homepower="France" owner="France" />
		<!-- Dutch home supply csctenters -->
		<SUPPLYCENTER province="brn" homepower="Holland" owner="Holland" />
		<SUPPLYCENTER province="cey" homepower="Holland" owner="Holland" />
		<SUPPLYCENTER province="ctn" homepower="Holland" owner="Holland" />
		<SUPPLYCENTER province="hol" homepower="Holland" owner="Holland" />
		<SUPPLYCENTER province="jav" homepower="Holland" owner="Holland" />
		<SUPPLYCENTER province="pmb" homepower="Holland" owner="Holland" />
		<SUPPLYCENTER province="sum" homepower="Holland" owner="Holland" />
		<SUPPLYCENTER province="trn" homepower="Holland" owner="Holland" />
		<!-- Japanese home supply centers -->
		<SUPPLYCENTER province="edo" homepower="Japan" owner="Japan" />
		<SUPPLYCENTER province="kag" homepower="Japan" owner="Japan" />
		<SUPPLYCENTER province="oki" homepower="Japan" owner="Japan" />
		<SUPPLYCENTER province="sap" homepower="Japan" owner="Japan" />
		<!-- Mexican home supply centers -->
		<SUPPLYCENTER province="maz" homepower="Mexico" owner="Mexico" />
		<SUPPLYCENTER province="mer" homepower="Mexico" owner="Mexico" />
		<SUPPLYCENTER province="mex" homepower="Mexico" owner="Mexico" />
		<!-- Prussian home supply centers -->
		<SUPPLYCENTER province="ber" homepower="Prussia" owner="Prussia" />
		<SUPPLYCENTER province="pru" homepower="Prussia" owner="Prussia" />
		<SUPPLYCENTER province="ruh" homepower="Prussia" owner="Prussia" />
		<SUPPLYCENTER province="sil" homepower="Prussia" owner="Prussia" />
		<!-- Russian home supply centers -->
		<SUPPLYCENTER province="anc" homepower="Russia" owner="Russia" />
		<SUPPLYCENTER province="geo" homepower="Russia" owner="Russia" />
		<SUPPLYCENTER province="irk" homepower="Russia" owner="Russia" />
		<SUPPLYCENTER province="mos" homepower="Russia" owner="Russia" />
		<SUPPLYCENTER province="oms" homepower="Russia" owner="Russia" />
		<SUPPLYCENTER province="orn" homepower="Russia" owner="Russia" />
		<SUPPLYCENTER province="poa" homepower="Russia" owner="Russia" />
		<SUPPLYCENTER province="sev" homepower="Russia" owner="Russia" />
		<SUPPLYCENTER province="stp" homepower="Russia" owner="Russia" />
		<SUPPLYCENTER province="vla" homepower="Russia" owner="Russia" />
		<SUPPLYCENTER province="war" homepower="Russia" owner="Russia" />
		<!-- Turkish home supply centers -->
		<SUPPLYCENTER province="ang" homepower="Turkey" owner="Turkey" />
		<SUPPLYCENTER province="bag" homepower="Turkey" owner="Turkey" />
		<SUPPLYCENTER province="con" homepower="Turkey" owner="Turkey" />
		<SUPPLYCENTER province="cyp" homepower="Turkey" owner="Turkey" />
		<SUPPLYCENTER province="sof" homepower="Turkey" owner="Turkey" />
		<SUPPLYCENTER province="cai" homepower="Turkey" owner="Turkey" />
		<!-- Union home supply centers -->
		<SUPPLYCENTER province="chc" homepower="USA" owner="USA" />
		<SUPPLYCENTER province="det" homepower="USA" owner="USA" />
		<SUPPLYCENTER province="nyc" homepower="USA" owner="USA" />
		<SUPPLYCENTER province="ore" homepower="USA" owner="USA" />
		<SUPPLYCENTER province="sfo" homepower="USA" owner="USA" />
		<SUPPLYCENTER province="wdc" homepower="USA" owner="USA" />
 	 	<!-- Neutral supply centers -->
		<SUPPLYCENTER province="aby" />
		<SUPPLYCENTER province="alb" />
		<SUPPLYCENTER province="amn" />
		<SUPPLYCENTER province="azo" />
		<SUPPLYCENTER province="bah" />
		<SUPPLYCENTER province="ban" />
		<SUPPLYCENTER province="bav" />
		<SUPPLYCENTER province="ben" />
		<SUPPLYCENTER province="bgt" />
		<SUPPLYCENTER province="bku" />
		<SUPPLYCENTER province="bnk" />
		<SUPPLYCENTER province="brc" />
		<SUPPLYCENTER province="brm" />
		<SUPPLYCENTER province="bsw" />
		<SUPPLYCENTER province="cmn" />
		<SUPPLYCENTER province="cre" />
		<SUPPLYCENTER province="crl" />
		<SUPPLYCENTER province="cub" />
		<SUPPLYCENTER province="den" />
		<SUPPLYCENTER province="fij" />
		<SUPPLYCENTER province="for" />
		<SUPPLYCENTER province="fsn" />
		<SUPPLYCENTER province="glp" />
		<SUPPLYCENTER province="gre" />
		<SUPPLYCENTER province="grn" />
		<SUPPLYCENTER province="hai" />
		<SUPPLYCENTER province="haw" />
		<SUPPLYCENTER province="hon" />
		<SUPPLYCENTER province="ija" />
		<SUPPLYCENTER province="ivc" />
		<SUPPLYCENTER province="kan" />
		<SUPPLYCENTER province="kas" />
		<SUPPLYCENTER province="khv" />
		<SUPPLYCENTER province="kie" />
		<SUPPLYCENTER province="krc" />
		<SUPPLYCENTER province="lim" />
		<SUPPLYCENTER province="lpa" />
		<SUPPLYCENTER province="luz" />
		<SUPPLYCENTER province="mad" />
		<SUPPLYCENTER province="mal" />
		<SUPPLYCENTER province="mds" />
		<SUPPLYCENTER province="mhl" />
		<SUPPLYCENTER province="mld" />
		<SUPPLYCENTER province="mnd" />
		<SUPPLYCENTER province="mrc" />
		<SUPPLYCENTER province="neb" />
		<SUPPLYCENTER province="ngu" />
		<SUPPLYCENTER province="nme" />
		<SUPPLYCENTER province="nsw" />
		<SUPPLYCENTER province="nwy" />
		<SUPPLYCENTER province="nzl" />
		<SUPPLYCENTER province="okl" />
		<SUPPLYCENTER province="okn" />
		<SUPPLYCENTER province="oma" />
		<SUPPLYCENTER province="pan" />
		<SUPPLYCENTER province="pie" />
		<SUPPLYCENTER province="prg" />
		<SUPPLYCENTER province="qnl" />
		<SUPPLYCENTER province="rho" />
		<SUPPLYCENTER province="rng" />
		<SUPPLYCENTER province="rom" />
		<SUPPLYCENTER province="rum" />
		<SUPPLYCENTER province="sak" />
		<SUPPLYCENTER province="sal" />
		<SUPPLYCENTER province="sea" />
		<SUPPLYCENTER province="seo" />
		<SUPPLYCENTER province="ser" />
		<SUPPLYCENTER province="sey" />
		<SUPPLYCENTER province="sgr" />
		<SUPPLYCENTER province="sic" />
		<SUPPLYCENTER province="sie" />
		<SUPPLYCENTER province="srw" />
		<SUPPLYCENTER province="stu" />
		<SUPPLYCENTER province="sud" />
		<SUPPLYCENTER province="swe" />
		<SUPPLYCENTER province="teh" />
		<SUPPLYCENTER province="tnk" />
		<SUPPLYCENTER province="trp" />
		<SUPPLYCENTER province="tsh" />
		<SUPPLYCENTER province="tun" />
		<SUPPLYCENTER province="uru" />
		<SUPPLYCENTER province="vic" />
		<SUPPLYCENTER province="vis" />
		<SUPPLYCENTER province="vlc" />
		<SUPPLYCENTER province="vrd" />
		<SUPPLYCENTER province="yuk" />
		<SUPPLYCENTER province="yut" />

		<!-- Austrian initial unit placement -->
		<INITIALSTATE province="bud" power="Austria" unit="army" />
		<INITIALSTATE province="cro" power="Austria" unit="fleet" />
		<INITIALSTATE province="ven" power="Austria" unit="army" />
		<INITIALSTATE province="vie" power="Austria" unit="army" />
		<!-- Brazilian initial unit placement -->
		<INITIALSTATE province="bra" power="Brazil" unit="army" />
		<INITIALSTATE province="oli" power="Brazil" unit="army" />
		<INITIALSTATE province="rdj" power="Brazil" unit="fleet" />
		<INITIALSTATE province="rec" power="Brazil" unit="fleet" />
		<!-- British initial unit placement -->
		<INITIALSTATE province="ade" power="Britain" unit="fleet" />
		<INITIALSTATE province="bom" power="Britain" unit="fleet" />
		<INITIALSTATE province="del" power="Britain" unit="army" />
		<INITIALSTATE province="dub" power="Britain" unit="army" />
		<INITIALSTATE province="edi" power="Britain" unit="fleet" />
		<INITIALSTATE province="fal" power="Britain" unit="fleet" />
		<INITIALSTATE province="gib" power="Britain" unit="fleet" />
		<INITIALSTATE province="hko" power="Britain" unit="fleet" />
		<INITIALSTATE province="lon" power="Britain" unit="fleet" />
		<INITIALSTATE province="nsc" power="Britain" unit="fleet" />
		<INITIALSTATE province="per" power="Britain" unit="army" />
		<INITIALSTATE province="que" power="Britain" unit="army" />
		<INITIALSTATE province="sin" power="Britain" unit="fleet" />
		<INITIALSTATE province="van" power="Britain" unit="army" />
		<!-- Chinese initial unit placement -->
		<INITIALSTATE province="can" power="China" unit="army" />
		<INITIALSTATE province="chk" power="China" unit="army" />
		<INITIALSTATE province="mac" power="China" unit="army" />
		<INITIALSTATE province="pek" power="China" unit="army" />
		<INITIALSTATE province="sha" power="China" unit="army" />
		<INITIALSTATE province="snk" power="China" unit="army" />
		<INITIALSTATE province="wuh" power="China" unit="army" />
		<!-- Confederate initial unit placement -->
		<INITIALSTATE province="atl" power="CSA" unit="army" />
		<INITIALSTATE province="aus" power="CSA" unit="army" />
		<INITIALSTATE province="nol" power="CSA" unit="army" />
		<INITIALSTATE province="ric" power="CSA" unit="army" />
		<!-- French initial unit placement -->
		<INITIALSTATE province="cch" power="France" unit="fleet" />
		<INITIALSTATE province="cmb" power="France" unit="army" />
		<INITIALSTATE province="crs" power="France" unit="fleet" />
		<INITIALSTATE province="cyn" power="France" unit="fleet" />
		<INITIALSTATE province="gcs" power="France" unit="army" />
		<INITIALSTATE province="mar" power="France" unit="army" />
		<INITIALSTATE province="mnv" power="France" unit="fleet" />
		<INITIALSTATE province="nan" power="France" unit="fleet" />
		<INITIALSTATE province="par" power="France" unit="army" />
		<INITIALSTATE province="sct" power="France" unit="fleet" />
		<!-- Dutch home supply csctenters -->
		<INITIALSTATE province="brn" power="Holland" unit="army" />
		<INITIALSTATE province="cey" power="Holland" unit="fleet" />
		<INITIALSTATE province="ctn" power="Holland" unit="fleet" />
		<INITIALSTATE province="hol" power="Holland" unit="fleet" />
		<INITIALSTATE province="jav" power="Holland" unit="fleet" />
		<INITIALSTATE province="pmb" power="Holland" unit="army" />
		<INITIALSTATE province="sum" power="Holland" unit="fleet" />
		<INITIALSTATE province="trn" power="Holland" unit="army" />
		<!-- Japanese initial unit placement -->
		<INITIALSTATE province="edo" power="Japan" unit="army" />
		<INITIALSTATE province="kag" power="Japan" unit="fleet" />
		<INITIALSTATE province="oki" power="Japan" unit="fleet" />
		<INITIALSTATE province="sap" power="Japan" unit="fleet" />
		<!-- Mexican initial unit placement -->
		<INITIALSTATE province="maz" power="Mexico" unit="fleet" />
		<INITIALSTATE province="mer" power="Mexico" unit="fleet" />
		<INITIALSTATE province="mex" power="Mexico" unit="army" />
		<!-- Prussian initial unit placement -->
		<INITIALSTATE province="ber" power="Prussia" unit="army" />
		<INITIALSTATE province="pru" power="Prussia" unit="army" />
		<INITIALSTATE province="ruh" power="Prussia" unit="army" />
		<INITIALSTATE province="sil" power="Prussia" unit="army" />
		<!-- Russian initial unit placement -->
		<INITIALSTATE province="anc" power="Russia" unit="army" />
		<INITIALSTATE province="geo" power="Russia" unit="army" />
		<INITIALSTATE province="irk" power="Russia" unit="army" />
		<INITIALSTATE province="mos" power="Russia" unit="army" />
		<INITIALSTATE province="oms" power="Russia" unit="army" />
		<INITIALSTATE province="orn" power="Russia" unit="army" />
		<INITIALSTATE province="poa" power="Russia" unit="fleet" />
		<INITIALSTATE province="sev" power="Russia" unit="fleet" />
		<INITIALSTATE province="stp" power="Russia" unit="fleet" unitcoast="sc" />
		<INITIALSTATE province="vla" power="Russia" unit="army" />
		<INITIALSTATE province="war" power="Russia" unit="army" />
		<!-- Turkish initial unit placement -->
		<INITIALSTATE province="ang" power="Turkey" unit="fleet" unitcoast="nc" />
		<INITIALSTATE province="bag" power="Turkey" unit="fleet" />
		<INITIALSTATE province="cai" power="Turkey" unit="army" />
		<INITIALSTATE province="con" power="Turkey" unit="fleet" />
		<INITIALSTATE province="cyp" power="Turkey" unit="army" />
		<INITIALSTATE province="sof" power="Turkey" unit="army" />
		<!-- Union initial unit placement -->
		<INITIALSTATE province="chc" power="USA" unit="army" />
		<INITIALSTATE province="det" power="USA" unit="army" />
		<INITIALSTATE province="nyc" power="USA" unit="fleet" />
		<INITIALSTATE province="ore" power="USA" unit="fleet" />
		<INITIALSTATE province="sfo" power="USA" unit="army" />
		<INITIALSTATE province="wdc" power="USA" unit="army" />
	</VARIANT>
</VARIANTS>
