<?xml version="1.0" standalone="yes"?>
<!DOCTYPE VARIANTS [
	<!ELEMENT VARIANTS (DESCRIPTION, MAP_DEFINITION+, VARIANT+)>
	
	<!ELEMENT DESCRIPTION (#PCDATA)>
	
	<!ELEMENT MAP_DEFINITION (DESCRIPTION?)>
	<!ATTLIST MAP_DEFINITION 
		id ID #REQUIRED
		title CDATA #REQUIRED
		URI CDATA #REQUIRED
		thumbURI CDATA #REQUIRED
		preferredUnitStyle CDATA #IMPLIED
		>
	
	<!ELEMENT VARIANT (DESCRIPTION, MAP, RULEOPTIONS?, POWER+, STARTINGTIME, VICTORYCONDITIONS, SUPPLYCENTER+, INITIALSTATE*)>
	<!ATTLIST VARIANT
			name CDATA #REQUIRED
			default (true|false) "false"
			version CDATA #REQUIRED
			aliases CDATA #IMPLIED
			>
			
	<!ELEMENT MAP (MAP_GRAPHIC*)>
	<!ATTLIST MAP adjacencyURI CDATA #REQUIRED>
	
	<!ELEMENT MAP_GRAPHIC EMPTY>
	<!ATTLIST MAP_GRAPHIC
			ref IDREF #REQUIRED
			default (true|false) "false"
			preferredUnitStyle CDATA #IMPLIED
			>
	
	<!ELEMENT RULEOPTIONS (RULEOPTION+)>
	<!ELEMENT RULEOPTION EMPTY>
	<!ATTLIST RULEOPTION	name CDATA #REQUIRED
				value CDATA #REQUIRED>
	
	<!ELEMENT POWER EMPTY>
	<!ATTLIST POWER name CDATA #REQUIRED
			active (true|false) "true"
			adjective CDATA #REQUIRED
			altnames CDATA #IMPLIED
			>
	
	<!ELEMENT STARTINGTIME EMPTY>
	<!ATTLIST STARTINGTIME 	turn CDATA #REQUIRED
				allowBCYears (true|false) "false"
				>
	
	<!ELEMENT VICTORYCONDITIONS (WINNING_SUPPLY_CENTERS?, YEARS_WITHOUT_SC_CAPTURE?, GAME_LENGTH?)>
	
	<!ELEMENT WINNING_SUPPLY_CENTERS EMPTY>
	<!ATTLIST WINNING_SUPPLY_CENTERS value CDATA #REQUIRED>
	
	<!ELEMENT YEARS_WITHOUT_SC_CAPTURE EMPTY>
	<!ATTLIST YEARS_WITHOUT_SC_CAPTURE value CDATA #REQUIRED>
	
	<!ELEMENT GAME_LENGTH EMPTY>
	<!ATTLIST GAME_LENGTH value CDATA #REQUIRED>
	
	<!ELEMENT SUPPLYCENTER EMPTY>
	<!ATTLIST SUPPLYCENTER 	province CDATA #REQUIRED
				homepower CDATA "none"
				owner CDATA "none"
				>
				
	<!ELEMENT INITIALSTATE EMPTY>
	<!ATTLIST INITIALSTATE 	province CDATA #REQUIRED
				power CDATA #REQUIRED
				unit CDATA #REQUIRED
				unitcoast CDATA #IMPLIED
				>
]>
<!-- NOTE: it's very important that the name of the file will be variants.xml, in all lower case -->
<!-- NOTE: for CDATA escapes, no space between tag and bracket!! -->
<VARIANTS>
	<DESCRIPTION><![CDATA[The main variant list for jDip]]></DESCRIPTION> 
	
	<MAP_DEFINITION id="standard" title="Standard" preferredUnitStyle="modern"
		URI="egdipmap.svg" thumbURI="egdipmap_thumb.png">
		<DESCRIPTION>
		The traditional map.
		</DESCRIPTION>
	</MAP_DEFINITION>
	
	<MAP_DEFINITION id="detailed" title="Detailed" preferredUnitStyle="modern"
		URI="bitmap_std.svg" thumbURI="detailed_thumb.png">
		<DESCRIPTION>
		A detailed version of the traditional map. While this map has 
		rich graphical detail, some features such as province highlighting 
		are not available.
		</DESCRIPTION>
	</MAP_DEFINITION>
	
	<MAP_DEFINITION id="simple" title="Simple" preferredUnitStyle="simple"
		URI="simple_std.svg" thumbURI="simple_thumb.png">
		<DESCRIPTION>
		A simplified version of the traditional map. 
		</DESCRIPTION>
	</MAP_DEFINITION>
	
	<MAP_DEFINITION id="topo" title="Topological" preferredUnitStyle="simple"
		URI="topo.svg" thumbURI="topo_thumb.png">
		<DESCRIPTION>
		A topologically-correct regularized rectangular map.
		</DESCRIPTION>
	</MAP_DEFINITION>
	
	<VARIANT name="Standard" version="1.0" default="true">
		<DESCRIPTION><![CDATA[Standard 7-power / 7-player Diplomacy.]]></DESCRIPTION> 
		<MAP adjacencyURI="std_adjacency.xml">
			<MAP_GRAPHIC ref="standard" default="true" />
			<MAP_GRAPHIC ref="detailed" />
			<MAP_GRAPHIC ref="simple" />
			<MAP_GRAPHIC ref="topo" />
		</MAP>
		<!-- this is the default, but it's here just as an example -->
		<RULEOPTIONS>
			<RULEOPTION name="OPTION_BUILDS" value="VALUE_BUILDS_HOME_ONLY" />
		</RULEOPTIONS>
		<POWER name="France" active="true" adjective="French" /> 
		<POWER name="Austria" active="true" adjective="Austrian" /> 
		<POWER name="Turkey" active="true" adjective="Turkish" /> 
		<POWER name="Russia" active="true" adjective="Russian" /> 
		<POWER name="England" active="true" adjective="English" altnames="Britain" /> 
		<POWER name="Germany" active="true" adjective="German" /> 
		<POWER name="Italy" active="true" adjective="Italian" />
		<STARTINGTIME turn="Spring, 1901, Movement" />
		<VICTORYCONDITIONS>
			<WINNING_SUPPLY_CENTERS value="18" />
			<YEARS_WITHOUT_SC_CAPTURE value="7" />
			<GAME_LENGTH value="35" />
		</VICTORYCONDITIONS>
 	 	<!-- supply centers -->
		<SUPPLYCENTER province="ank" homepower="turkey" owner="turkey"/>
		<SUPPLYCENTER province="bel" />
		<SUPPLYCENTER province="ber" homepower="germany" owner="germany"/>
	 	<SUPPLYCENTER province="bre" homepower="france" owner="france"/>
		<SUPPLYCENTER province="bud" homepower="austria" owner="austria"/>
		<SUPPLYCENTER province="bul" />
	 	<SUPPLYCENTER province="con" homepower="turkey" owner="turkey"/>
		<SUPPLYCENTER province="den" />
		<SUPPLYCENTER province="edi" homepower="britain" owner="britain"/>
		<SUPPLYCENTER province="gre" />
		<SUPPLYCENTER province="hol" />
		<SUPPLYCENTER province="kie" homepower="germany" owner="germany"/>
		<SUPPLYCENTER province="lvp" homepower="britain" owner="britain"/>
		<SUPPLYCENTER province="lon" homepower="britain" owner="britain"/>
	 	<SUPPLYCENTER province="mar" homepower="france" owner="france"/>
	 	<SUPPLYCENTER province="mos" homepower="russia" owner="russia"/>
		<SUPPLYCENTER province="mun" homepower="germany" owner="germany"/>
	 	<SUPPLYCENTER province="nap" homepower="italy" owner="italy"/>
		<SUPPLYCENTER province="nor" />
	 	<SUPPLYCENTER province="par" homepower="france" owner="france"/>
		<SUPPLYCENTER province="por" />
	 	<SUPPLYCENTER province="rom" homepower="italy" owner="italy"/>
		<SUPPLYCENTER province="rum" />
		<SUPPLYCENTER province="ser" />
	 	<SUPPLYCENTER province="sev" homepower="russia" owner="russia"/>
	 	<SUPPLYCENTER province="smy" homepower="turkey" owner="turkey"/>
		<SUPPLYCENTER province="spa" />
	 	<SUPPLYCENTER province="stp" homepower="russia" owner="russia"/>
		<SUPPLYCENTER province="swe" />
		<SUPPLYCENTER province="tri" homepower="austria" owner="austria"/>
		<SUPPLYCENTER province="tun" />
	 	<SUPPLYCENTER province="ven" homepower="italy" owner="italy"/>
		<SUPPLYCENTER province="vie" homepower="austria" owner="austria"/>
	 	<SUPPLYCENTER province="war" homepower="russia" owner="russia"/>
		<!-- unit placement -->
		<INITIALSTATE province="ank" power="turkey" unit="fleet" />
		<INITIALSTATE province="ber" power="germany" unit="army" />
		<INITIALSTATE province="bre" power="france" unit="fleet" />
		<INITIALSTATE province="bud" power="austria" unit="army" />
		<INITIALSTATE province="con" power="turkey" unit="army" />
		<INITIALSTATE province="edi" power="britain" unit="fleet" />
		<INITIALSTATE province="kie" power="germany" unit="fleet" />
		<INITIALSTATE province="lvp" power="britain" unit="army" />
		<INITIALSTATE province="lon" power="britain" unit="fleet" />
		<INITIALSTATE province="mar" power="france" unit="army" />
		<INITIALSTATE province="mos" power="russia" unit="army" />
		<INITIALSTATE province="mun" power="germany" unit="army" />
		<INITIALSTATE province="nap" power="italy" unit="fleet" />
		<INITIALSTATE province="par" power="france" unit="army" />
		<INITIALSTATE province="rom" power="italy" unit="army" />
		<INITIALSTATE province="sev" power="russia" unit="fleet" />
		<INITIALSTATE province="smy" power="turkey" unit="army" />
		<INITIALSTATE province="stp" power="russia" unit="fleet" unitcoast="sc" />
		<INITIALSTATE province="tri" power="austria" unit="fleet" />
		<INITIALSTATE province="ven" power="italy" unit="army" />
		<INITIALSTATE province="vie" power="austria" unit="army" />
		<INITIALSTATE province="war" power="russia" unit="army" />
	</VARIANT>
	
	
	<VARIANT name="Standard [No Units]"  version="1.0">
		<DESCRIPTION><![CDATA[7 active powers, no units placed.]]></DESCRIPTION> 
		<MAP adjacencyURI="std_adjacency.xml">
			<MAP_GRAPHIC ref="standard" default="true" />
			<MAP_GRAPHIC ref="detailed" />
			<MAP_GRAPHIC ref="simple" />
			<MAP_GRAPHIC ref="topo" />
		</MAP>
		<POWER name="France" active="true" adjective="French" /> 
		<POWER name="Austria" active="true" adjective="Austrian" /> 
		<POWER name="Turkey" active="true" adjective="Turkish" /> 
		<POWER name="Russia" active="true" adjective="Russian" /> 
		<POWER name="England" active="true" adjective="English" altnames="Britain" /> 
		<POWER name="Germany" active="true" adjective="German" /> 
		<POWER name="Italy" active="true" adjective="Italian" />
		<STARTINGTIME turn="Spring, 1914, Movement" />
		<VICTORYCONDITIONS>
			<WINNING_SUPPLY_CENTERS value="18" />
			<YEARS_WITHOUT_SC_CAPTURE value="7" />
			<GAME_LENGTH value="35" />
		</VICTORYCONDITIONS>
 		<SUPPLYCENTER province="ank" homepower="turkey" owner="turkey"/>
		<SUPPLYCENTER province="bel" />
		<SUPPLYCENTER province="ber" homepower="germany" owner="germany"/>
	 	<SUPPLYCENTER province="bre" homepower="france" owner="france"/>
		<SUPPLYCENTER province="bud" homepower="austria" owner="austria"/>
		<SUPPLYCENTER province="bul" />
	 	<SUPPLYCENTER province="con" homepower="turkey" owner="turkey"/>
		<SUPPLYCENTER province="den" />
		<SUPPLYCENTER province="edi" homepower="britain" owner="britain"/>
		<SUPPLYCENTER province="gre" />
		<SUPPLYCENTER province="hol" />
		<SUPPLYCENTER province="kie" homepower="germany" owner="germany"/>
		<SUPPLYCENTER province="lvp" homepower="britain" owner="britain"/>
		<SUPPLYCENTER province="lon" homepower="britain" owner="britain"/>
	 	<SUPPLYCENTER province="mar" homepower="france" owner="france"/>
	 	<SUPPLYCENTER province="mos" homepower="russia" owner="russia"/>
		<SUPPLYCENTER province="mun" homepower="germany" owner="germany"/>
	 	<SUPPLYCENTER province="nap" homepower="italy" owner="italy"/>
		<SUPPLYCENTER province="nor" />
	 	<SUPPLYCENTER province="par" homepower="france" owner="france"/>
		<SUPPLYCENTER province="por" />
	 	<SUPPLYCENTER province="rom" homepower="italy" owner="italy"/>
		<SUPPLYCENTER province="rum" />
		<SUPPLYCENTER province="ser" />
	 	<SUPPLYCENTER province="sev" homepower="russia" owner="russia"/>
	 	<SUPPLYCENTER province="smy" homepower="turkey" owner="turkey"/>
		<SUPPLYCENTER province="spa" />
	 	<SUPPLYCENTER province="stp" homepower="russia" owner="russia"/>
		<SUPPLYCENTER province="swe" />
		<SUPPLYCENTER province="tri" homepower="austria" owner="austria"/>
		<SUPPLYCENTER province="tun" />
	 	<SUPPLYCENTER province="ven" homepower="italy" owner="italy"/>
		<SUPPLYCENTER province="vie" homepower="austria" owner="austria"/>
	 	<SUPPLYCENTER province="war" homepower="russia" owner="russia"/>	
	</VARIANT>
	
	
	<VARIANT name="Standard (6 Players)" version="1.0">
		<DESCRIPTION><![CDATA[Standard map, 6 players. Italy has units
			placed, but is not active; Italian units will hold in place.]]></DESCRIPTION> 
		<MAP adjacencyURI="std_adjacency.xml">
			<MAP_GRAPHIC ref="standard" default="true" />
			<MAP_GRAPHIC ref="detailed" />
			<MAP_GRAPHIC ref="simple" />
			<MAP_GRAPHIC ref="topo" />
		</MAP>
		<POWER name="France" active="true" adjective="French" /> 
		<POWER name="Austria" active="true" adjective="Austrian" /> 
		<POWER name="Turkey" active="true" adjective="Turkish" /> 
		<POWER name="Russia" active="true" adjective="Russian" /> 
		<POWER name="England" active="true" adjective="English" altnames="Britain" /> 
		<POWER name="Germany" active="true" adjective="German" /> 
		<POWER name="Italy" active="false" adjective="Italian" />
		<STARTINGTIME turn="Spring, 1870, Movement" />
		<VICTORYCONDITIONS>
			<WINNING_SUPPLY_CENTERS value="18" />
			<YEARS_WITHOUT_SC_CAPTURE value="7" />
			<GAME_LENGTH value="35" />
		</VICTORYCONDITIONS>
		<!-- supply centers -->
		<SUPPLYCENTER province="ank" homepower="turkey" owner="turkey"/>
		<SUPPLYCENTER province="bel" />
		<SUPPLYCENTER province="ber" homepower="germany" owner="germany"/>
	 	<SUPPLYCENTER province="bre" homepower="france" owner="france"/>
		<SUPPLYCENTER province="bud" homepower="austria" owner="austria"/>
		<SUPPLYCENTER province="bul" />
	 	<SUPPLYCENTER province="con" homepower="turkey" owner="turkey"/>
		<SUPPLYCENTER province="den" />
		<SUPPLYCENTER province="edi" homepower="britain" owner="britain"/>
		<SUPPLYCENTER province="gre" />
		<SUPPLYCENTER province="hol" />
		<SUPPLYCENTER province="kie" homepower="germany" owner="germany"/>
		<SUPPLYCENTER province="lvp" homepower="britain" owner="britain"/>
		<SUPPLYCENTER province="lon" homepower="britain" owner="britain"/>
	 	<SUPPLYCENTER province="mar" homepower="france" owner="france"/>
	 	<SUPPLYCENTER province="mos" homepower="russia" owner="russia"/>
		<SUPPLYCENTER province="mun" homepower="germany" owner="germany"/>
	 	<SUPPLYCENTER province="nap" homepower="italy" owner="italy"/>
		<SUPPLYCENTER province="nor" />
	 	<SUPPLYCENTER province="par" homepower="france" owner="france"/>
		<SUPPLYCENTER province="por" />
	 	<SUPPLYCENTER province="rom" homepower="italy" owner="italy"/>
		<SUPPLYCENTER province="rum" />
		<SUPPLYCENTER province="ser" />
	 	<SUPPLYCENTER province="sev" homepower="russia" owner="russia"/>
	 	<SUPPLYCENTER province="smy" homepower="turkey" owner="turkey"/>
		<SUPPLYCENTER province="spa" />
	 	<SUPPLYCENTER province="stp" homepower="russia" owner="russia"/>
		<SUPPLYCENTER province="swe" />
		<SUPPLYCENTER province="tri" homepower="austria" owner="austria"/>
		<SUPPLYCENTER province="tun" />
	 	<SUPPLYCENTER province="ven" homepower="italy" owner="italy"/>
		<SUPPLYCENTER province="vie" homepower="austria" owner="austria"/>
	 	<SUPPLYCENTER province="war" homepower="russia" owner="russia"/>
  		<!-- units -->
		<INITIALSTATE province="ank" power="turkey" unit="fleet" />
		<INITIALSTATE province="ber" power="germany" unit="army" />
		<INITIALSTATE province="bre" power="france" unit="fleet" />
		<INITIALSTATE province="bud" power="austria" unit="army" />
		<INITIALSTATE province="con" power="turkey" unit="army" />
		<INITIALSTATE province="edi" power="britain" unit="fleet" />
		<INITIALSTATE province="kie" power="germany" unit="fleet" />
		<INITIALSTATE province="lvp" power="britain" unit="army" />
		<INITIALSTATE province="lon" power="britain" unit="fleet" />
		<INITIALSTATE province="mar" power="france" unit="army" />
		<INITIALSTATE province="mos" power="russia" unit="army" />
		<INITIALSTATE province="mun" power="germany" unit="army" />
		<INITIALSTATE province="nap" power="italy" unit="fleet" />
		<INITIALSTATE province="par" power="france" unit="army" />
		<INITIALSTATE province="rom" power="italy" unit="army" />
		<INITIALSTATE province="sev" power="russia" unit="fleet" />
		<INITIALSTATE province="smy" power="turkey" unit="army" />
		<INITIALSTATE province="stp" power="russia" unit="fleet" unitcoast="sc" />
		<INITIALSTATE province="tri" power="austria" unit="fleet" />
		<INITIALSTATE province="ven" power="italy" unit="army" />
		<INITIALSTATE province="vie" power="austria" unit="army" />
		<INITIALSTATE province="war" power="russia" unit="army" />
	</VARIANT>

	<VARIANT name="Standard (5 Players)" version="1.0">
		<DESCRIPTION><![CDATA[Standard map, 5 players. Germany and Italy have units
			placed, but are not active; German and Italian units will hold in place.]]></DESCRIPTION> 
		<MAP adjacencyURI="std_adjacency.xml">
			<MAP_GRAPHIC ref="standard" default="true" />
			<MAP_GRAPHIC ref="detailed" />
			<MAP_GRAPHIC ref="simple" />
			<MAP_GRAPHIC ref="topo" />
		</MAP>
		<POWER name="France" active="true" adjective="French" /> 
		<POWER name="Austria" active="true" adjective="Austrian" /> 
		<POWER name="Turkey" active="true" adjective="Turkish" /> 
		<POWER name="Russia" active="true" adjective="Russian" /> 
		<POWER name="England" active="true" adjective="English" altnames="Britain" /> 
		<POWER name="Germany" active="false" adjective="German" /> 
		<POWER name="Italy" active="false" adjective="Italian" />
		<STARTINGTIME turn="Spring, 1801, Movement" />
		<VICTORYCONDITIONS>
			<WINNING_SUPPLY_CENTERS value="18" />
			<YEARS_WITHOUT_SC_CAPTURE value="7" />
			<GAME_LENGTH value="35" />
		</VICTORYCONDITIONS>
		<!-- supply centers -->
		<SUPPLYCENTER province="ank" homepower="turkey" owner="turkey"/>
		<SUPPLYCENTER province="bel" />
		<SUPPLYCENTER province="ber" homepower="germany" owner="germany"/>
	 	<SUPPLYCENTER province="bre" homepower="france" owner="france"/>
		<SUPPLYCENTER province="bud" homepower="austria" owner="austria"/>
		<SUPPLYCENTER province="bul" />
	 	<SUPPLYCENTER province="con" homepower="turkey" owner="turkey"/>
		<SUPPLYCENTER province="den" />
		<SUPPLYCENTER province="edi" homepower="britain" owner="britain"/>
		<SUPPLYCENTER province="gre" />
		<SUPPLYCENTER province="hol" />
		<SUPPLYCENTER province="kie" homepower="germany" owner="germany"/>
		<SUPPLYCENTER province="lvp" homepower="britain" owner="britain"/>
		<SUPPLYCENTER province="lon" homepower="britain" owner="britain"/>
	 	<SUPPLYCENTER province="mar" homepower="france" owner="france"/>
	 	<SUPPLYCENTER province="mos" homepower="russia" owner="russia"/>
		<SUPPLYCENTER province="mun" homepower="germany" owner="germany"/>
	 	<SUPPLYCENTER province="nap" homepower="italy" owner="italy"/>
		<SUPPLYCENTER province="nor" />
	 	<SUPPLYCENTER province="par" homepower="france" owner="france"/>
		<SUPPLYCENTER province="por" />
	 	<SUPPLYCENTER province="rom" homepower="italy" owner="italy"/>
		<SUPPLYCENTER province="rum" />
		<SUPPLYCENTER province="ser" />
	 	<SUPPLYCENTER province="sev" homepower="russia" owner="russia"/>
	 	<SUPPLYCENTER province="smy" homepower="turkey" owner="turkey"/>
		<SUPPLYCENTER province="spa" />
	 	<SUPPLYCENTER province="stp" homepower="russia" owner="russia"/>
		<SUPPLYCENTER province="swe" />
		<SUPPLYCENTER province="tri" homepower="austria" owner="austria"/>
		<SUPPLYCENTER province="tun" />
	 	<SUPPLYCENTER province="ven" homepower="italy" owner="italy"/>
		<SUPPLYCENTER province="vie" homepower="austria" owner="austria"/>
	 	<SUPPLYCENTER province="war" homepower="russia" owner="russia"/>
  		<!-- unit placement -->
		<INITIALSTATE province="ank" power="turkey" unit="fleet" />
		<INITIALSTATE province="ber" power="germany" unit="army" />
		<INITIALSTATE province="bre" power="france" unit="fleet" />
		<INITIALSTATE province="bud" power="austria" unit="army" />
		<INITIALSTATE province="con" power="turkey" unit="army" />
		<INITIALSTATE province="edi" power="britain" unit="fleet" />
		<INITIALSTATE province="kie" power="germany" unit="fleet" />
		<INITIALSTATE province="lvp" power="britain" unit="army" />
		<INITIALSTATE province="lon" power="britain" unit="fleet" />
		<INITIALSTATE province="mar" power="france" unit="army" />
		<INITIALSTATE province="mos" power="russia" unit="army" />
		<INITIALSTATE province="mun" power="germany" unit="army" />
		<INITIALSTATE province="nap" power="italy" unit="fleet" />
		<INITIALSTATE province="par" power="france" unit="army" />
		<INITIALSTATE province="rom" power="italy" unit="army" />
		<INITIALSTATE province="sev" power="russia" unit="fleet" />
		<INITIALSTATE province="smy" power="turkey" unit="army" />
		<INITIALSTATE province="stp" power="russia" unit="fleet" unitcoast="sc" />
		<INITIALSTATE province="tri" power="austria" unit="fleet" />
		<INITIALSTATE province="ven" power="italy" unit="army" />
		<INITIALSTATE province="vie" power="austria" unit="army" />
		<INITIALSTATE province="war" power="russia" unit="army" />
	</VARIANT>
	
	<VARIANT name="1898" version="1.1">
		<DESCRIPTION><![CDATA[
		<p>
		In the 1898 variant, the game starts in Spring of 1898 
		with each power having one unit.  Each country must capture its other home centers 
		before it can build in them.
		</p>
		<p>
			Note that this version is equivalent to the
			KL (Ken Lowe) Judge version, which has fixed starting positions.
		</p>
		<p>
			Author: Randy Davis
		</p>]]></DESCRIPTION> 
		<MAP adjacencyURI="std_adjacency.xml">
			<MAP_GRAPHIC ref="standard" default="true" />
			<MAP_GRAPHIC ref="detailed" />
			<MAP_GRAPHIC ref="simple" />
			<MAP_GRAPHIC ref="topo" />
		</MAP>
		<POWER name="France" active="true" adjective="French" /> 
		<POWER name="Austria" active="true" adjective="Austrian" /> 
		<POWER name="Turkey" active="true" adjective="Turkish" /> 
		<POWER name="Russia" active="true" adjective="Russian" /> 
		<POWER name="England" active="true" adjective="English" altnames="Britain" /> 
		<POWER name="Germany" active="true" adjective="German" /> 
		<POWER name="Italy" active="true" adjective="Italian" />
		<STARTINGTIME turn="Spring, 1898, Movement" />
		<VICTORYCONDITIONS>
			<WINNING_SUPPLY_CENTERS value="18" />
			<YEARS_WITHOUT_SC_CAPTURE value="7" />
			<GAME_LENGTH value="35" />
		</VICTORYCONDITIONS>
		<!-- supply centers -->
		<SUPPLYCENTER province="ank" homepower="turkey" />
		<SUPPLYCENTER province="bel" />
		<SUPPLYCENTER province="ber" homepower="germany" /> 
	 	<SUPPLYCENTER province="bre" homepower="france" owner="france"/>
		<SUPPLYCENTER province="bud" homepower="austria" /> 
		<SUPPLYCENTER province="bul" />
	 	<SUPPLYCENTER province="con" homepower="turkey" /> 
		<SUPPLYCENTER province="den" />
		<SUPPLYCENTER province="edi" homepower="britain" owner="britain"/>
		<SUPPLYCENTER province="gre" />
		<SUPPLYCENTER province="hol" />
		<SUPPLYCENTER province="kie" homepower="germany" owner="germany"/>
		<SUPPLYCENTER province="lvp" homepower="britain" /> 
		<SUPPLYCENTER province="lon" homepower="britain" /> 
	 	<SUPPLYCENTER province="mar" homepower="france" /> 
	 	<SUPPLYCENTER province="mos" homepower="russia" /> 
		<SUPPLYCENTER province="mun" homepower="germany" /> 
	 	<SUPPLYCENTER province="nap" homepower="italy" owner="italy"/>
		<SUPPLYCENTER province="nor" />
	 	<SUPPLYCENTER province="par" homepower="france" /> 
		<SUPPLYCENTER province="por" />
	 	<SUPPLYCENTER province="rom" homepower="italy" /> 
		<SUPPLYCENTER province="rum" />
		<SUPPLYCENTER province="ser" />
	 	<SUPPLYCENTER province="sev" homepower="russia" /> 
	 	<SUPPLYCENTER province="smy" homepower="turkey" owner="turkey"/>
		<SUPPLYCENTER province="spa" />
	 	<SUPPLYCENTER province="stp" homepower="russia" owner="russia"/> 
		<SUPPLYCENTER province="swe" />
		<SUPPLYCENTER province="tri" homepower="austria" owner="austria"/> 
		<SUPPLYCENTER province="tun" />
	 	<SUPPLYCENTER province="ven" homepower="italy" />
		<SUPPLYCENTER province="vie" homepower="austria" />
	 	<SUPPLYCENTER province="war" homepower="russia" /> 
		<!-- unit placement -->
		<INITIALSTATE province="bre" power="france" unit="army" />
		<INITIALSTATE province="edi" power="britain" unit="fleet" />
		<INITIALSTATE province="kie" power="germany" unit="army" />
		<INITIALSTATE province="nap" power="italy" unit="army" />
		<INITIALSTATE province="smy" power="turkey" unit="army" />
		<INITIALSTATE province="stp" power="russia" unit="army" />
		<INITIALSTATE province="tri" power="austria" unit="army" />
	</VARIANT>
	
	
	<VARIANT name="Britain" version="1.0">
		<DESCRIPTION><![CDATA[<p>In the Great Britain variant, each English province 
		is a supply center and Britain starts with six armies.  Thus, Britain is the 
		"strongest" country, but is unable to do anything until another player agrees to convoy 
		one of his armies (or he is forced to debuild one of his units and 
		then builds a fleet after retaking the supply center).</p>
		<p>Authors: Danny Loeb and Bruce McIntyre (independently)</p>]]></DESCRIPTION> 
		<MAP adjacencyURI="std_adjacency.xml">
			<MAP_GRAPHIC ref="standard" default="true" />
			<MAP_GRAPHIC ref="detailed" />
			<MAP_GRAPHIC ref="simple" />
			<MAP_GRAPHIC ref="topo" />
		</MAP>
		<POWER name="France" active="true" adjective="French" /> 
		<POWER name="Austria" active="true" adjective="Austrian" /> 
		<POWER name="Turkey" active="true" adjective="Turkish" /> 
		<POWER name="Russia" active="true" adjective="Russian" /> 
		<POWER name="England" active="true" adjective="English" altnames="Britain" /> 
		<POWER name="Germany" active="true" adjective="German" /> 
		<POWER name="Italy" active="true" adjective="Italian" />
		<STARTINGTIME turn="Spring, 1901 Movement" />
		<VICTORYCONDITIONS>
			<WINNING_SUPPLY_CENTERS value="19" />
		</VICTORYCONDITIONS>
		<!-- supply centers -->
		<SUPPLYCENTER province="ank" homepower="turkey" owner="turkey"/>
		<SUPPLYCENTER province="bel" />
		<SUPPLYCENTER province="ber" homepower="germany" owner="germany"/>
	 	<SUPPLYCENTER province="bre" homepower="france" owner="france"/>
		<SUPPLYCENTER province="bud" homepower="austria" owner="austria"/>
		<SUPPLYCENTER province="bul" />
	 	<SUPPLYCENTER province="con" homepower="turkey" owner="turkey"/>
		<SUPPLYCENTER province="den" />
		<SUPPLYCENTER province="edi" homepower="britain" owner="britain"/>
		<SUPPLYCENTER province="gre" />
		<SUPPLYCENTER province="hol" />
		<SUPPLYCENTER province="kie" homepower="germany" owner="germany"/>
		<SUPPLYCENTER province="lvp" homepower="britain" owner="britain"/>
		<SUPPLYCENTER province="lon" homepower="britain" owner="britain"/>
	 	<SUPPLYCENTER province="mar" homepower="france" owner="france"/>
	 	<SUPPLYCENTER province="mos" homepower="russia" owner="russia"/>
		<SUPPLYCENTER province="mun" homepower="germany" owner="germany"/>
	 	<SUPPLYCENTER province="nap" homepower="italy" owner="italy"/>
		<SUPPLYCENTER province="nor" />
	 	<SUPPLYCENTER province="par" homepower="france" owner="france"/>
		<SUPPLYCENTER province="por" />
	 	<SUPPLYCENTER province="rom" homepower="italy" owner="italy"/>
		<SUPPLYCENTER province="rum" />
		<SUPPLYCENTER province="ser" />
	 	<SUPPLYCENTER province="sev" homepower="russia" owner="russia"/>
	 	<SUPPLYCENTER province="smy" homepower="turkey" owner="turkey"/>
		<SUPPLYCENTER province="spa" />
	 	<SUPPLYCENTER province="stp" homepower="russia" owner="russia"/>
		<SUPPLYCENTER province="swe" />
		<SUPPLYCENTER province="tri" homepower="austria" owner="austria"/>
		<SUPPLYCENTER province="tun" />
	 	<SUPPLYCENTER province="ven" homepower="italy" owner="italy"/>
		<SUPPLYCENTER province="vie" homepower="austria" owner="austria"/>
	 	<SUPPLYCENTER province="war" homepower="russia" owner="russia"/>
	 	<SUPPLYCENTER province="cly" homepower="britain" owner="britain"/> 	<!-- variant: added -->
		<SUPPLYCENTER province="wal" homepower="britain" owner="britain"/>	<!-- variant: added -->
		<SUPPLYCENTER province="yor" homepower="britain" owner="britain"/>	<!-- variant: added -->
		<!-- unit placement -->
 		<INITIALSTATE province="ank" power="turkey" unit="fleet" />
		<INITIALSTATE province="ber" power="germany" unit="army" />
		<INITIALSTATE province="bre" power="france" unit="fleet" />
		<INITIALSTATE province="bud" power="austria" unit="army" />
		<INITIALSTATE province="con" power="turkey" unit="army" />
		<INITIALSTATE province="edi" power="britain" unit="army" />
		<INITIALSTATE province="kie" power="germany" unit="fleet" />
		<INITIALSTATE province="lvp" power="britain" unit="army" />
		<INITIALSTATE province="lon" power="britain" unit="army" />
		<INITIALSTATE province="mar" power="france" unit="army" />
		<INITIALSTATE province="mos" power="russia" unit="army" />
		<INITIALSTATE province="mun" power="germany" unit="army" />
		<INITIALSTATE province="nap" power="italy" unit="fleet" />
		<INITIALSTATE province="par" power="france" unit="army" />
		<INITIALSTATE province="rom" power="italy" unit="army" />
		<INITIALSTATE province="sev" power="russia" unit="fleet" />
		<INITIALSTATE province="smy" power="turkey" unit="army" />
		<INITIALSTATE province="stp" power="russia" unit="fleet" unitcoast="sc" />
		<INITIALSTATE province="tri" power="austria" unit="fleet" />
		<INITIALSTATE province="ven" power="italy" unit="army" />
		<INITIALSTATE province="vie" power="austria" unit="army" />
		<INITIALSTATE province="war" power="russia" unit="army" />
		<INITIALSTATE province="cly" power="britain" unit="army" />	<!-- variant: added -->
 		<INITIALSTATE province="yor" power="britain" unit="army" />	<!-- variant: added -->
 		<INITIALSTATE province="wal" power="britain" unit="army" />	<!-- variant: added -->
	</VARIANT>
	
	<VARIANT name="Crowded" version="1.0">
		<DESCRIPTION><![CDATA[<p>
		In the Crowded 
		variant the standard map is used with the exception of
		having a supply center in Ruhr.  Each of the 35 supply centers starts
		out as a home center for one of the eleven players.  The original seven
		players start out with their normal units and positions and are joined
		by the four new players:
		<div class="indent1cm" style="margin-top:7pt;">
			<b>Balkan: </b> F Greece, F Rumania, A Serbia, A Bulgaria<br>
			<b>Lowland: </b> F Belgium, A Holland, A Ruhr<br>
			<b>Norway: </b> F Norway, F Denmark, A Sweden<br>
			<b>Spain: </b> F Portugal, A Spain, F Tunis<br>
		</div>
		Victory conditions remain unchanged, at 18 centers.
		</p>
		<p>
		Author: Simon Szykman.</p>]]></DESCRIPTION> 
		<MAP adjacencyURI="std_adjacency.xml">
			<MAP_GRAPHIC ref="standard" default="true" />
			<MAP_GRAPHIC ref="simple" />
			<MAP_GRAPHIC ref="topo" />
		</MAP>
		<POWER name="France" active="true" adjective="French" /> 
		<POWER name="Austria" active="true" adjective="Austrian" /> 
		<POWER name="Turkey" active="true" adjective="Turkish" /> 
		<POWER name="Russia" active="true" adjective="Russian" /> 
		<POWER name="England" active="true" adjective="English" altnames="Britain" /> 
		<POWER name="Germany" active="true" adjective="German" /> 
		<POWER name="Italy" active="true" adjective="Italian" />
		<POWER name="Balkan" active="true" adjective="Balkan"/>
		<POWER name="Lowland" active="true" adjective="Lowland"/>
		<POWER name="Norway" active="true" adjective="Norwegian"/>
		<POWER name="Spain" active="true" adjective="Spanish"/>
		<STARTINGTIME turn="Spring, 1901 Movement" />
		<VICTORYCONDITIONS>
			<WINNING_SUPPLY_CENTERS value="18" />
			<YEARS_WITHOUT_SC_CAPTURE value="7" />
			<GAME_LENGTH value="35" />
		</VICTORYCONDITIONS>
 		<!-- supply centers -->
		<SUPPLYCENTER province="ank" homepower="turkey" owner="turkey"/>
		<SUPPLYCENTER province="bel" homepower="lowland" owner="lowland"/>
		<SUPPLYCENTER province="ber" homepower="germany" owner="germany"/>
	 	<SUPPLYCENTER province="bre" homepower="france" owner="france"/>
		<SUPPLYCENTER province="bud" homepower="austria" owner="austria"/>
		<SUPPLYCENTER province="bul" homepower="balkan" owner="balkan"/>
	 	<SUPPLYCENTER province="con" homepower="turkey" owner="turkey"/>
		<SUPPLYCENTER province="den" homepower="norway" owner="norway"/>
		<SUPPLYCENTER province="edi" homepower="britain" owner="britain"/>
		<SUPPLYCENTER province="gre" homepower="balkan" owner="balkan"/>
		<SUPPLYCENTER province="hol" homepower="lowland" owner="lowland"/>
		<SUPPLYCENTER province="kie" homepower="germany" owner="germany"/>
		<SUPPLYCENTER province="lvp" homepower="britain" owner="britain"/>
		<SUPPLYCENTER province="lon" homepower="britain" owner="britain"/>
	 	<SUPPLYCENTER province="mar" homepower="france" owner="france"/>
	 	<SUPPLYCENTER province="mos" homepower="russia" owner="russia"/>
		<SUPPLYCENTER province="mun" homepower="germany" owner="germany"/>
	 	<SUPPLYCENTER province="nap" homepower="italy" owner="italy"/>
		<SUPPLYCENTER province="nor" homepower="norway" owner="norway"/>
	 	<SUPPLYCENTER province="par" homepower="france" owner="france"/>
		<SUPPLYCENTER province="por" homepower="spain" owner="spain"/>
	 	<SUPPLYCENTER province="rom" homepower="italy" owner="italy"/>
		<SUPPLYCENTER province="rum" homepower="balkan" owner="balkan"/>
		<SUPPLYCENTER province="ruh" homepower="lowland" owner="lowland"/>
		<SUPPLYCENTER province="ser" homepower="balkan" owner="balkan"/>
	 	<SUPPLYCENTER province="sev" homepower="russia" owner="russia"/>
	 	<SUPPLYCENTER province="smy" homepower="turkey" owner="turkey"/>
		<SUPPLYCENTER province="spa" homepower="spain" owner="spain"/>
	 	<SUPPLYCENTER province="stp" homepower="russia" owner="russia"/>
		<SUPPLYCENTER province="swe" homepower="norway" owner="norway"/>
		<SUPPLYCENTER province="tri" homepower="austria" owner="austria"/>
		<SUPPLYCENTER province="tun" homepower="spain" owner="spain"/>
	 	<SUPPLYCENTER province="ven" homepower="italy" owner="italy"/>
		<SUPPLYCENTER province="vie" homepower="austria" owner="austria"/>
	 	<SUPPLYCENTER province="war" homepower="russia" owner="russia"/>
		<!-- unit placement -->
		<INITIALSTATE province="ank" power="turkey" unit="fleet" />
		<INITIALSTATE province="ber" power="germany" unit="army" />
		<INITIALSTATE province="bre" power="france" unit="fleet" />
		<INITIALSTATE province="bud" power="austria" unit="army" />
		<INITIALSTATE province="con" power="turkey" unit="army" />
		<INITIALSTATE province="edi" power="britain" unit="fleet" />
		<INITIALSTATE province="kie" power="germany" unit="fleet" />
		<INITIALSTATE province="lvp" power="britain" unit="army" />
		<INITIALSTATE province="lon" power="britain" unit="fleet" />
		<INITIALSTATE province="mar" power="france" unit="army" />
		<INITIALSTATE province="mos" power="russia" unit="army" />
		<INITIALSTATE province="mun" power="germany" unit="army" />
		<INITIALSTATE province="nap" power="italy" unit="fleet" />
		<INITIALSTATE province="par" power="france" unit="army" />
		<INITIALSTATE province="rom" power="italy" unit="army" />
		<INITIALSTATE province="sev" power="russia" unit="fleet" />
		<INITIALSTATE province="smy" power="turkey" unit="army" />
		<INITIALSTATE province="stp" power="russia" unit="fleet" unitcoast="sc" />
		<INITIALSTATE province="tri" power="austria" unit="fleet" />
		<INITIALSTATE province="ven" power="italy" unit="army" />
		<INITIALSTATE province="vie" power="austria" unit="army" />
		<INITIALSTATE province="war" power="russia" unit="army" />
		<!-- crowded: units -->
		<INITIALSTATE province="gre" power="balkan" unit="fleet" />
		<INITIALSTATE province="rum" power="balkan" unit="fleet" />
		<INITIALSTATE province="ser" power="balkan" unit="army" />
		<INITIALSTATE province="bul" power="balkan" unit="army" />
		<INITIALSTATE province="bel" power="lowland" unit="fleet" />
		<INITIALSTATE province="hol" power="lowland" unit="army" />
		<INITIALSTATE province="ruh" power="lowland" unit="army" />
		<INITIALSTATE province="nor" power="norway" unit="fleet" />
		<INITIALSTATE province="den" power="norway" unit="fleet" />
		<INITIALSTATE province="swe" power="norway" unit="army" />
		<INITIALSTATE province="por" power="spain" unit="fleet" />
		<INITIALSTATE province="spa" power="spain" unit="army" />
		<INITIALSTATE province="tun" power="spain" unit="fleet" />
	</VARIANT>
	
	<VARIANT name="Crowded 1898" version="1.0" aliases="crowded_1898, crowded1898">
		<DESCRIPTION><![CDATA[<p>
		As its name suggests, the Crowded 1898 variant combines an 1898 start (i.e.
		powers start only owning one of their home centers, and must capture the
		rest) with the crowded powers. It uses the same map as the regular crowded
		variant. Victory conditions remain unchanged, at 18 centers.
		</p>
		<p>
		Author: Tim Miller.</p>]]></DESCRIPTION> 
		<MAP adjacencyURI="std_adjacency.xml">
			<MAP_GRAPHIC ref="standard" default="true" />
			<MAP_GRAPHIC ref="simple" />
			<MAP_GRAPHIC ref="topo" />
		</MAP>
		<POWER name="France" active="true" adjective="French" /> 
		<POWER name="Austria" active="true" adjective="Austrian" /> 
		<POWER name="Turkey" active="true" adjective="Turkish" /> 
		<POWER name="Russia" active="true" adjective="Russian" /> 
		<POWER name="England" active="true" adjective="English" altnames="Britain" /> 
		<POWER name="Germany" active="true" adjective="German" /> 
		<POWER name="Italy" active="true" adjective="Italian" />
		<POWER name="Balkan" active="true" adjective="Balkan"/>
		<POWER name="Lowland" active="true" adjective="Lowland"/>
		<POWER name="Norway" active="true" adjective="Norwegian"/>
		<POWER name="Spain" active="true" adjective="Spanish"/>
		<STARTINGTIME turn="Spring, 1898 Movement" />
		<VICTORYCONDITIONS>
			<WINNING_SUPPLY_CENTERS value="18" />
			<YEARS_WITHOUT_SC_CAPTURE value="7" />
			<GAME_LENGTH value="35" />
		</VICTORYCONDITIONS>
 		<!-- supply centers -->
		<SUPPLYCENTER province="ank" homepower="turkey" owner="turkey"/>
		<SUPPLYCENTER province="bel" homepower="lowland" owner="lowland"/>
		<SUPPLYCENTER province="ber" homepower="germany" owner="germany"/>
	 	<SUPPLYCENTER province="bre" homepower="france" owner="france"/>
		<SUPPLYCENTER province="bud" homepower="austria" owner="austria"/>
		<SUPPLYCENTER province="bul" homepower="balkan" owner="balkan"/>
	 	<SUPPLYCENTER province="con" homepower="turkey" owner="turkey"/>
		<SUPPLYCENTER province="den" homepower="norway" owner="norway"/>
		<SUPPLYCENTER province="edi" homepower="britain" owner="britain"/>
		<SUPPLYCENTER province="gre" homepower="balkan" owner="balkan"/>
		<SUPPLYCENTER province="hol" homepower="lowland" owner="lowland"/>
		<SUPPLYCENTER province="kie" homepower="germany" owner="germany"/>
		<SUPPLYCENTER province="lvp" homepower="britain" owner="britain"/>
		<SUPPLYCENTER province="lon" homepower="britain" owner="britain"/>
	 	<SUPPLYCENTER province="mar" homepower="france" owner="france"/>
	 	<SUPPLYCENTER province="mos" homepower="russia" owner="russia"/>
		<SUPPLYCENTER province="mun" homepower="germany" owner="germany"/>
	 	<SUPPLYCENTER province="nap" homepower="italy" owner="italy"/>
		<SUPPLYCENTER province="nor" homepower="norway" owner="norway"/>
	 	<SUPPLYCENTER province="par" homepower="france" owner="france"/>
		<SUPPLYCENTER province="por" homepower="spain" owner="spain"/>
	 	<SUPPLYCENTER province="rom" homepower="italy" owner="italy"/>
		<SUPPLYCENTER province="rum" homepower="balkan" owner="balkan"/>
		<SUPPLYCENTER province="ruh" homepower="lowland" owner="lowland"/>
		<SUPPLYCENTER province="ser" homepower="balkan" owner="balkan"/>
	 	<SUPPLYCENTER province="sev" homepower="russia" owner="russia"/>
	 	<SUPPLYCENTER province="smy" homepower="turkey" owner="turkey"/>
		<SUPPLYCENTER province="spa" homepower="spain" owner="spain"/>
	 	<SUPPLYCENTER province="stp" homepower="russia" owner="russia"/>
		<SUPPLYCENTER province="swe" homepower="norway" owner="norway"/>
		<SUPPLYCENTER province="tri" homepower="austria" owner="austria"/>
		<SUPPLYCENTER province="tun" homepower="spain" owner="spain"/>
	 	<SUPPLYCENTER province="ven" homepower="italy" owner="italy"/>
		<SUPPLYCENTER province="vie" homepower="austria" owner="austria"/>
	 	<SUPPLYCENTER province="war" homepower="russia" owner="russia"/>
		<!-- unit placement -->
		<INITIALSTATE province="tri" power="austria" unit="army" />
		<INITIALSTATE province="ser" power="balkan"  unit="army" />
		<INITIALSTATE province="edi" power="england" unit="fleet" />
		<INITIALSTATE province="bre" power="france"  unit="army" />
		<INITIALSTATE province="kie" power="germany" unit="army" />
		<INITIALSTATE province="nap" power="italy"   unit="army" />
		<INITIALSTATE province="bel" power="lowland" unit="army" />
		<INITIALSTATE province="swe" power="norway"  unit="army" />
		<INITIALSTATE province="mos" power="russia"  unit="army" />
		<INITIALSTATE province="spa" power="spain"   unit="fleet" unitcoast="sc" />
		<INITIALSTATE province="smy" power="turkey"  unit="army" />
	</VARIANT>
	
	<VARIANT name="Fleet Rome" version="1.0" aliases="fleet_rome, fleetrome">
		<DESCRIPTION><![CDATA[Identical to standard map except Italy starts 
		with a fleet in Rome instead of an army. This supposedly gives Italy a 
		slightly stronger position in the initial game. 
		<p> Author: Richard Sharp.</p>]]></DESCRIPTION> 
		<MAP adjacencyURI="std_adjacency.xml">
			<MAP_GRAPHIC ref="standard" default="true" />
			<MAP_GRAPHIC ref="detailed" />
			<MAP_GRAPHIC ref="simple" />
			<MAP_GRAPHIC ref="topo" />
		</MAP>
		<POWER name="France" active="true" adjective="French" /> 
		<POWER name="Austria" active="true" adjective="Austrian" /> 
		<POWER name="Turkey" active="true" adjective="Turkish" /> 
		<POWER name="Russia" active="true" adjective="Russian" /> 
		<POWER name="England" active="true" adjective="English" altnames="Britain" /> 
		<POWER name="Germany" active="true" adjective="German" /> 
		<POWER name="Italy" active="true" adjective="Italian" />
		<STARTINGTIME turn="Spring, 1901 Movement" />
		<VICTORYCONDITIONS>
			<WINNING_SUPPLY_CENTERS value="18" />
			<YEARS_WITHOUT_SC_CAPTURE value="7" />
			<GAME_LENGTH value="35" />
		</VICTORYCONDITIONS>
 		<!-- supply centers -->
		<SUPPLYCENTER province="ank" homepower="turkey" owner="turkey"/>
		<SUPPLYCENTER province="bel" />
		<SUPPLYCENTER province="ber" homepower="germany" owner="germany"/>
	 	<SUPPLYCENTER province="bre" homepower="france" owner="france"/>
		<SUPPLYCENTER province="bud" homepower="austria" owner="austria"/>
		<SUPPLYCENTER province="bul" />
	 	<SUPPLYCENTER province="con" homepower="turkey" owner="turkey"/>
		<SUPPLYCENTER province="den" />
		<SUPPLYCENTER province="edi" homepower="britain" owner="britain"/>
		<SUPPLYCENTER province="gre" />
		<SUPPLYCENTER province="hol" />
		<SUPPLYCENTER province="kie" homepower="germany" owner="germany"/>
		<SUPPLYCENTER province="lvp" homepower="britain" owner="britain"/>
		<SUPPLYCENTER province="lon" homepower="britain" owner="britain"/>
	 	<SUPPLYCENTER province="mar" homepower="france" owner="france"/>
	 	<SUPPLYCENTER province="mos" homepower="russia" owner="russia"/>
		<SUPPLYCENTER province="mun" homepower="germany" owner="germany"/>
	 	<SUPPLYCENTER province="nap" homepower="italy" owner="italy"/>
		<SUPPLYCENTER province="nor" />
	 	<SUPPLYCENTER province="par" homepower="france" owner="france"/>
		<SUPPLYCENTER province="por" />
	 	<SUPPLYCENTER province="rom" homepower="italy" owner="italy"/>
		<SUPPLYCENTER province="rum" />
		<SUPPLYCENTER province="ser" />
	 	<SUPPLYCENTER province="sev" homepower="russia" owner="russia"/>
	 	<SUPPLYCENTER province="smy" homepower="turkey" owner="turkey"/>
		<SUPPLYCENTER province="spa" />
	 	<SUPPLYCENTER province="stp" homepower="russia" owner="russia"/>
		<SUPPLYCENTER province="swe" />
		<SUPPLYCENTER province="tri" homepower="austria" owner="austria"/>
		<SUPPLYCENTER province="tun" />
	 	<SUPPLYCENTER province="ven" homepower="italy" owner="italy"/>
		<SUPPLYCENTER province="vie" homepower="austria" owner="austria"/>
	 	<SUPPLYCENTER province="war" homepower="russia" owner="russia"/>
		<!-- unit placement -->
		<INITIALSTATE province="ank" power="turkey" unit="fleet" />
		<INITIALSTATE province="ber" power="germany" unit="army" />
		<INITIALSTATE province="bre" power="france" unit="fleet" />
		<INITIALSTATE province="bud" power="austria" unit="army" />
		<INITIALSTATE province="con" power="turkey" unit="army" />
		<INITIALSTATE province="edi" power="britain" unit="fleet" />
		<INITIALSTATE province="kie" power="germany" unit="fleet" />
		<INITIALSTATE province="lvp" power="britain" unit="army" />
		<INITIALSTATE province="lon" power="britain" unit="fleet" />
		<INITIALSTATE province="mar" power="france" unit="army" />
		<INITIALSTATE province="mos" power="russia" unit="army" />
		<INITIALSTATE province="mun" power="germany" unit="army" />
		<INITIALSTATE province="nap" power="italy" unit="fleet" />
		<INITIALSTATE province="par" power="france" unit="army" />
		<INITIALSTATE province="rom" power="italy" unit="fleet" /> 	<!-- variant: changed -->
		<INITIALSTATE province="sev" power="russia" unit="fleet" />
		<INITIALSTATE province="smy" power="turkey" unit="army" />
		<INITIALSTATE province="stp" power="russia" unit="fleet" unitcoast="sc" />
		<INITIALSTATE province="tri" power="austria" unit="fleet" />
		<INITIALSTATE province="ven" power="italy" unit="army" />
		<INITIALSTATE province="vie" power="austria" unit="army" />
		<INITIALSTATE province="war" power="russia" unit="army" />
	</VARIANT>
	
	
	<VARIANT name="Shift-Left" version="1.0" aliases="shift_left, shiftleft">
		<DESCRIPTION><![CDATA[<p>
		A variant in 
		which each power's units start out in a different power's home supply centers. 
		Powers must reach and retake their own home supply centers before they can 
		start building new units.</p>
		<p>
		The starting positions are as follows:
		</p>
		<div class="indent1cm" style="margin-top:7pt;">
			Turkey&#8594;Germany (Turkey's units are in Germany)<br>
			Russia&#8594;Italy<br>
			England&#8594;Austria<br>
			Germany&#8594;Turkey<br>
			France&#8594;Russia<br>
			Italy&#8594;Britain<br>
			Austria&#8594;France<br>
		</div>
		<p style="font-family:arial,helvetica;">Author: Josh Smith</p>]]></DESCRIPTION> 
		<MAP adjacencyURI="std_adjacency.xml">
			<MAP_GRAPHIC ref="standard" default="true" />
			<MAP_GRAPHIC ref="detailed" />
			<MAP_GRAPHIC ref="simple" />
			<MAP_GRAPHIC ref="topo" />
		</MAP>
		<POWER name="France" active="true" adjective="French" /> 
		<POWER name="Austria" active="true" adjective="Austrian" /> 
		<POWER name="Turkey" active="true" adjective="Turkish" /> 
		<POWER name="Russia" active="true" adjective="Russian" /> 
		<POWER name="England" active="true" adjective="English" altnames="Britain" /> 
		<POWER name="Germany" active="true" adjective="German" /> 
		<POWER name="Italy" active="true" adjective="Italian" />
		<STARTINGTIME turn="Spring, 1901 Movement" />
		<VICTORYCONDITIONS>
			<WINNING_SUPPLY_CENTERS value="18" />
		</VICTORYCONDITIONS>
		<!-- supply centers -->
		<SUPPLYCENTER province="ank" homepower="turkey" />
		<SUPPLYCENTER province="bel" />
		<SUPPLYCENTER province="ber" homepower="germany" />
	 	<SUPPLYCENTER province="bre" homepower="france" />
		<SUPPLYCENTER province="bud" homepower="austria" />
		<SUPPLYCENTER province="bul" />
	 	<SUPPLYCENTER province="con" homepower="turkey" />
		<SUPPLYCENTER province="den" />
		<SUPPLYCENTER province="edi" homepower="britain" />
		<SUPPLYCENTER province="gre" />
		<SUPPLYCENTER province="hol" />
		<SUPPLYCENTER province="kie" homepower="germany" />
		<SUPPLYCENTER province="lvp" homepower="britain" />
		<SUPPLYCENTER province="lon" homepower="britain" />
	 	<SUPPLYCENTER province="mar" homepower="france" />
	 	<SUPPLYCENTER province="mos" homepower="russia" />
		<SUPPLYCENTER province="mun" homepower="germany" />
	 	<SUPPLYCENTER province="nap" homepower="italy" />
		<SUPPLYCENTER province="nor" />
	 	<SUPPLYCENTER province="par" homepower="france" />
		<SUPPLYCENTER province="por" />
	 	<SUPPLYCENTER province="rom" homepower="italy" />
		<SUPPLYCENTER province="rum" />
		<SUPPLYCENTER province="ser" />
	 	<SUPPLYCENTER province="sev" homepower="russia" />
	 	<SUPPLYCENTER province="smy" homepower="turkey" />
		<SUPPLYCENTER province="spa" />
	 	<SUPPLYCENTER province="stp" homepower="russia" />
		<SUPPLYCENTER province="swe" />
		<SUPPLYCENTER province="tri" homepower="austria" />
		<SUPPLYCENTER province="tun" />
	 	<SUPPLYCENTER province="ven" homepower="italy" />
		<SUPPLYCENTER province="vie" homepower="austria" />
	 	<SUPPLYCENTER province="war" homepower="russia" />	
		<!-- unit placement -->
		<INITIALSTATE province="ank" power="germany" unit="fleet" />
		<INITIALSTATE province="ber" power="turkey" unit="army" />
		<INITIALSTATE province="bre" power="austria" unit="fleet" />
		<INITIALSTATE province="bud" power="britain" unit="army" />
		<INITIALSTATE province="con" power="germany" unit="army" />
		<INITIALSTATE province="edi" power="italy" unit="fleet" />
		<INITIALSTATE province="kie" power="turkey" unit="fleet" />
		<INITIALSTATE province="lvp" power="italy" unit="army" />
		<INITIALSTATE province="lon" power="italy" unit="fleet" />
		<INITIALSTATE province="mar" power="austria" unit="army" />
		<INITIALSTATE province="mos" power="france" unit="army" />
		<INITIALSTATE province="mun" power="turkey" unit="army" />
		<INITIALSTATE province="nap" power="russia" unit="fleet" />
		<INITIALSTATE province="par" power="austria" unit="army" />
		<INITIALSTATE province="rom" power="russia" unit="army" />
		<INITIALSTATE province="sev" power="france" unit="fleet" />
		<INITIALSTATE province="smy" power="germany" unit="army" />
		<INITIALSTATE province="stp" power="france" unit="fleet" unitcoast="sc" />
		<INITIALSTATE province="tri" power="britain" unit="fleet" />
		<INITIALSTATE province="ven" power="russia" unit="army" />
		<INITIALSTATE province="vie" power="britain" unit="army" />
		<INITIALSTATE province="war" power="france" unit="army" />
	</VARIANT>	
	
	
	<VARIANT name="Shift-Right" version="1.0" aliases="shift_right, shiftright">
		<DESCRIPTION><![CDATA[<p>
		A variant in 
		which each power's units start out in a different power's home supply centers. 
		Powers must reach and retake their own home supply centers before they can 
		start building new units.</p>
		<p>
		The starting positions are as follows:
		</p>
		<div class="indent1cm" style="margin-top:7pt;">
			Germany&#8594;Turkey (Germany's units are in Turkey)<br>
			Italy&#8594;Russia<br>
			Austria&#8594;Britain<br>
			Turkey&#8594;Germany<br>
			Russia&#8594;France<br>
			England&#8594;Italy<br>
			France&#8594;Austria<br>
		</div>
		<p style="font-family:arial,helvetica;">Author: Josh Smith</p>]]></DESCRIPTION> 
		<MAP adjacencyURI="std_adjacency.xml">
			<MAP_GRAPHIC ref="standard" default="true" />
			<MAP_GRAPHIC ref="detailed" />
			<MAP_GRAPHIC ref="simple" />
			<MAP_GRAPHIC ref="topo" />
		</MAP>
		<POWER name="France" active="true" adjective="French" /> 
		<POWER name="Austria" active="true" adjective="Austrian" /> 
		<POWER name="Turkey" active="true" adjective="Turkish" /> 
		<POWER name="Russia" active="true" adjective="Russian" /> 
		<POWER name="England" active="true" adjective="English" altnames="Britain" /> 
		<POWER name="Germany" active="true" adjective="German" /> 
		<POWER name="Italy" active="true" adjective="Italian" />
		<STARTINGTIME turn="Spring, 1901 Movement" />
		<VICTORYCONDITIONS>
			<WINNING_SUPPLY_CENTERS value="18" />
		</VICTORYCONDITIONS>
		<!-- supply centers -->
		<SUPPLYCENTER province="ank" homepower="turkey" />
		<SUPPLYCENTER province="bel" />
		<SUPPLYCENTER province="ber" homepower="germany" />
	 	<SUPPLYCENTER province="bre" homepower="france" />
		<SUPPLYCENTER province="bud" homepower="austria" />
		<SUPPLYCENTER province="bul" />
	 	<SUPPLYCENTER province="con" homepower="turkey" />
		<SUPPLYCENTER province="den" />
		<SUPPLYCENTER province="edi" homepower="britain" />
		<SUPPLYCENTER province="gre" />
		<SUPPLYCENTER province="hol" />
		<SUPPLYCENTER province="kie" homepower="germany" />
		<SUPPLYCENTER province="lvp" homepower="britain" />
		<SUPPLYCENTER province="lon" homepower="britain" />
	 	<SUPPLYCENTER province="mar" homepower="france" />
	 	<SUPPLYCENTER province="mos" homepower="russia" />
		<SUPPLYCENTER province="mun" homepower="germany" />
	 	<SUPPLYCENTER province="nap" homepower="italy" />
		<SUPPLYCENTER province="nor" />
	 	<SUPPLYCENTER province="par" homepower="france" />
		<SUPPLYCENTER province="por" />
	 	<SUPPLYCENTER province="rom" homepower="italy" />
		<SUPPLYCENTER province="rum" />
		<SUPPLYCENTER province="ser" />
	 	<SUPPLYCENTER province="sev" homepower="russia" />
	 	<SUPPLYCENTER province="smy" homepower="turkey" />
		<SUPPLYCENTER province="spa" />
	 	<SUPPLYCENTER province="stp" homepower="russia" />
		<SUPPLYCENTER province="swe" />
		<SUPPLYCENTER province="tri" homepower="austria" />
		<SUPPLYCENTER province="tun" />
	 	<SUPPLYCENTER province="ven" homepower="italy" />
		<SUPPLYCENTER province="vie" homepower="austria" />
	 	<SUPPLYCENTER province="war" homepower="russia" />
		<!-- unit placement -->
		<INITIALSTATE province="ank" power="germany" unit="fleet" />
		<INITIALSTATE province="ber" power="turkey" unit="army" />
		<INITIALSTATE province="bre" power="austria" unit="fleet" />
		<INITIALSTATE province="bud" power="britain" unit="army" />
		<INITIALSTATE province="con" power="germany" unit="army" />
		<INITIALSTATE province="edi" power="italy" unit="fleet" />
		<INITIALSTATE province="kie" power="turkey" unit="fleet" />
		<INITIALSTATE province="lvp" power="italy" unit="army" />
		<INITIALSTATE province="lon" power="italy" unit="fleet" />
		<INITIALSTATE province="mar" power="austria" unit="army" />
		<INITIALSTATE province="mos" power="france" unit="army" />
		<INITIALSTATE province="mun" power="turkey" unit="army" />
		<INITIALSTATE province="nap" power="russia" unit="fleet" />
		<INITIALSTATE province="par" power="austria" unit="army" />
		<INITIALSTATE province="rom" power="russia" unit="army" />
		<INITIALSTATE province="sev" power="france" unit="fleet" />
		<INITIALSTATE province="smy" power="germany" unit="army" />
		<INITIALSTATE province="stp" power="france" unit="fleet" unitcoast="sc" />
		<INITIALSTATE province="tri" power="britain" unit="fleet" />
		<INITIALSTATE province="ven" power="russia" unit="army" />
		<INITIALSTATE province="vie" power="britain" unit="army" />
		<INITIALSTATE province="war" power="france" unit="army" />
	</VARIANT>
	
	<VARIANT name="Shift-Around" version="1.0" aliases="shift_around, shiftaround">
		<DESCRIPTION><![CDATA[<p>
		A variant in which each power's units start out in a different power's 
		home supply centers. Powers must reach and retake their own home supply 
		centers before they can start building new units.
		<p>
		The Shift-Around variant follows the same pattern as the original Shift-Left 
		and Shift-Right variants. The only difference is which power starts in which 
		country. The aim is to make the variant more balanced than the other Shift variants.
		</p>
		<p>
		The starting positions are as follows:
		</p>
		<div class="indent1cm" style="margin-top:7pt;">
			Germany&#8594;Turkey (Germany's units are in Turkey)<br>
			Italy&#8594;England<br>
			Austria&#8594;France<br>
			Turkey&#8594;Germany<br>
			Russia&#8594;Italy<br>
			England&#8594;Russia<br>
			France&#8594;Austria<br>
		</div>
		<p style="font-family:arial,helvetica;">Author: Josh Smith</p>]]></DESCRIPTION> 
		<MAP adjacencyURI="std_adjacency.xml">
			<MAP_GRAPHIC ref="standard" default="true" />
			<MAP_GRAPHIC ref="detailed" />
			<MAP_GRAPHIC ref="simple" />
			<MAP_GRAPHIC ref="topo" />
		</MAP>
		<POWER name="France" active="true" adjective="French" /> 
		<POWER name="Austria" active="true" adjective="Austrian" /> 
		<POWER name="Turkey" active="true" adjective="Turkish" /> 
		<POWER name="Russia" active="true" adjective="Russian" /> 
		<POWER name="England" active="true" adjective="English" altnames="Britain" /> 
		<POWER name="Germany" active="true" adjective="German" /> 
		<POWER name="Italy" active="true" adjective="Italian" />
		<STARTINGTIME turn="Spring, 1901 Movement" />
		<VICTORYCONDITIONS>
			<WINNING_SUPPLY_CENTERS value="18" />
		</VICTORYCONDITIONS>
		<!-- supply centers -->
		<SUPPLYCENTER province="ank" homepower="turkey" />
		<SUPPLYCENTER province="bel" />
		<SUPPLYCENTER province="ber" homepower="germany" />
	 	<SUPPLYCENTER province="bre" homepower="france" />
		<SUPPLYCENTER province="bud" homepower="austria" />
		<SUPPLYCENTER province="bul" />
	 	<SUPPLYCENTER province="con" homepower="turkey" />
		<SUPPLYCENTER province="den" />
		<SUPPLYCENTER province="edi" homepower="britain" />
		<SUPPLYCENTER province="gre" />
		<SUPPLYCENTER province="hol" />
		<SUPPLYCENTER province="kie" homepower="germany" />
		<SUPPLYCENTER province="lvp" homepower="britain" />
		<SUPPLYCENTER province="lon" homepower="britain" />
	 	<SUPPLYCENTER province="mar" homepower="france" />
	 	<SUPPLYCENTER province="mos" homepower="russia" />
		<SUPPLYCENTER province="mun" homepower="germany" />
	 	<SUPPLYCENTER province="nap" homepower="italy" />
		<SUPPLYCENTER province="nor" />
	 	<SUPPLYCENTER province="par" homepower="france" />
		<SUPPLYCENTER province="por" />
	 	<SUPPLYCENTER province="rom" homepower="italy" />
		<SUPPLYCENTER province="rum" />
		<SUPPLYCENTER province="ser" />
	 	<SUPPLYCENTER province="sev" homepower="russia" />
	 	<SUPPLYCENTER province="smy" homepower="turkey" />
		<SUPPLYCENTER province="spa" />
	 	<SUPPLYCENTER province="stp" homepower="russia" />
		<SUPPLYCENTER province="swe" />
		<SUPPLYCENTER province="tri" homepower="austria" />
		<SUPPLYCENTER province="tun" />
	 	<SUPPLYCENTER province="ven" homepower="italy" />
		<SUPPLYCENTER province="vie" homepower="austria" />
	 	<SUPPLYCENTER province="war" homepower="russia" />
		<!-- unit placement -->
		<INITIALSTATE province="ank" power="germany" unit="fleet" />
		<INITIALSTATE province="ber" power="turkey" unit="army" />
		<INITIALSTATE province="bre" power="austria" unit="fleet" />
		<INITIALSTATE province="bud" power="france" unit="army" />
		<INITIALSTATE province="con" power="germany" unit="army" />
		<INITIALSTATE province="edi" power="russia" unit="fleet" />
		<INITIALSTATE province="kie" power="turkey" unit="fleet" />
		<INITIALSTATE province="lvp" power="russia" unit="army" />
		<INITIALSTATE province="lon" power="russia" unit="fleet" />
		<INITIALSTATE province="mar" power="austria" unit="army" />
		<INITIALSTATE province="mos" power="italy" unit="army" />
		<INITIALSTATE province="mun" power="turkey" unit="army" />
		<INITIALSTATE province="nap" power="england" unit="fleet" />
		<INITIALSTATE province="par" power="austria" unit="army" />
		<INITIALSTATE province="rom" power="england" unit="army" />
		<INITIALSTATE province="sev" power="italy" unit="fleet" />
		<INITIALSTATE province="smy" power="germany" unit="army" />
		<INITIALSTATE province="stp" power="italy" unit="fleet" unitcoast="sc" />
		<INITIALSTATE province="tri" power="france" unit="fleet" />
		<INITIALSTATE province="ven" power="england" unit="army" />
		<INITIALSTATE province="vie" power="france" unit="army" />
		<INITIALSTATE province="war" power="italy" unit="army" />
	</VARIANT>
</VARIANTS>
